Genes,Ctrl_a,Ctrl_b,Ctrl_c,Ctrl_d
GENE1,683.83592022839,585.829448712977,616.148622192109,406.842411494089
GENE2,453.173990900306,489.150967219065,792.877578169945,471.701510342539
GENE3,562.919609266898,482.985732696152,381.716410422866,539.395362049615
GENE4,322.662833622276,424.688470811446,645.693470155162,495.815667800571
GENE5,559.775075373008,541.407455736513,295.941851213648,741.342760637265
GENE6,588.928798950733,527.307204811422,690.325474651471,420.646194854506
GENE7,369.524178985087,477.041942326993,828.409471621597,536.890871956811
GENE8,358.38067377201,529.972474644874,485.202609501396,589.256811050812
GENE9,517.595942748015,586.532324043159,293.865837719472,498.462678593142
GENE10,515.608047802614,512.00812841396,375.852297411214,569.352678852554
GENE11,862.951614093107,569.788977953233,443.550356051492,527.651586279777
GENE12,449.421407942133,416.121900396579,510.884503292465,532.887696493475
GENE13,426.038775091277,676.889832967777,618.991889144778,662.047999449639
GENE14,361.562019273146,455.680223985225,316.849888182134,443.60634839324
GENE15,419.158906665619,430.197704949385,537.889602758807,477.936867390265
GENE16,533.298823589118,471.853764613638,523.649719981615,702.132032593719
GENE17,422.994376100516,607.001780198145,597.9509195904,668.876461687505
GENE18,926.030963042761,425.377448031597,552.470235959326,435.154209744325
GENE19,684.242796800253,496.348970911959,728.202652057884,667.968023553094
GENE20,562.066026268067,461.38199226725,611.555648157339,474.247132492843
GENE21,695.199318718919,838.478421586345,484.532453118376,469.466800876026
GENE22,572.508591791267,516.278899585049,547.839116533995,455.173895421094
GENE23,380.208715890859,496.365013224698,400.702559849989,569.464862449539
GENE24,434.626935040522,439.894258814889,599.156408215433,365.105930181481
GENE25,484.889121308273,735.97078233732,712.589059505783,512.006769305584
GENE26,393.80582406275,500.528694211575,614.228255159329,571.360390426806
GENE27,655.625200464533,341.974531086068,653.235780269996,772.523547243169
GENE28,455.347420734198,572.492287605052,534.885424712648,402.455645041763
GENE29,390.474808692831,736.190868585388,507.080150278824,186.560517270051
GENE30,298.921893159914,283.152966125201,774.134192512121,424.841701863593
GENE31,479.750918742179,582.314086917713,542.119828827334,482.913778533651
GENE32,645.707476730442,623.301453427637,514.818418067538,780.81988986377
GENE33,653.570925024171,488.334254787161,691.210055437458,722.223330420024
GENE34,699.661892716444,656.739397715636,439.333895058046,370.562741255547
GENE35,550.831603099491,627.461320621031,451.088317907281,793.366777646455
GENE36,651.033468848483,500.087245583064,502.244447261635,467.97880848487
GENE37,760.933225637224,752.112778840371,742.789258572339,655.229480782101
GENE38,511.388748102866,693.790070544691,479.400504458957,598.746961245986
GENE39,444.964865783583,897.905945354252,757.848306274884,378.322554107403
GENE40,632.742458485007,620.721714115832,595.623677669755,435.039052894059
GENE41,702.020234624944,530.6271773814,869.756714481123,699.975708506298
GENE42,533.767041680482,449.312519866056,476.559837031482,488.365093687607
GENE43,589.392746243357,807.151349060357,394.781909635702,840.373397621672
GENE44,408.716683296326,760.024045210961,838.869281006562,723.910317166194
GENE45,651.086316024307,340.871558488118,521.402231233256,572.055875905258
GENE46,371.956582325511,715.648022241996,549.943274715104,866.741721687958
GENE47,143.360506084167,436.941375419639,702.363214593482,553.225096407373
GENE48,590.850353188846,473.339091445295,546.475407627332,531.392616841025
GENE49,610.427527431475,168.535678595101,679.036615408693,493.063280333001
GENE50,831.498499340906,568.878411918047,618.133997473779,546.185117060427
GENE51,591.993274752927,853.766886247278,506.797260610414,638.631929364826
GENE52,428.056151338568,360.931592151373,195.356586895911,431.234912650009
GENE53,521.805306348695,578.516133746827,484.60768955733,539.493548346544
GENE54,421.992306797029,469.921044968885,582.344279736577,766.940567449487
GENE55,646.72936991522,337.120994283336,604.41740264584,695.238927470676
GENE56,565.656097603834,729.77350139357,289.119042482967,561.282029114898
GENE57,559.275534031626,806.72571480162,462.367821682905,560.004654489709
GENE58,780.571687005629,494.272020826214,538.246995523446,587.376406812883
GENE59,572.813363168076,890.965114320075,299.040738095937,425.698851952448
GENE60,764.962587759559,409.160728469198,494.602781771992,605.550410900308
GENE61,604.613606383546,388.640744025534,695.922414394979,481.011782275374
GENE62,657.240185942538,669.98627835275,751.646776424399,655.151964877815
GENE63,593.535555214885,557.103260313102,674.973147225472,509.994381861371
GENE64,645.267926180356,592.424785867118,488.060040145564,580.277366269044
GENE65,615.961914748035,491.225685006004,682.21435985034,675.728950572974
GENE66,555.130980969947,687.639788119136,637.957127489175,551.15004962029
GENE67,459.79561435466,494.04213340393,314.422657868955,444.539521998541
GENE68,512.254796028764,571.297994669737,808.954490491592,603.029542484226
GENE69,394.424778373866,458.132758225513,396.461725117081,571.342414001787
GENE70,572.778124165023,520.758800036851,487.560556225232,520.187165816394
GENE71,371.439906056989,292.702655258875,519.017680313544,987.887496504545
GENE72,515.027351760961,683.030299111693,462.009629286126,470.337774010624
GENE73,251.866943684589,558.785635411702,751.636493933543,730.961898402097
GENE74,496.853336791194,534.152858010735,567.196759599771,633.99878840582
GENE75,583.470809462046,680.189651966328,526.718805589676,588.430145825264
GENE76,714.004909206932,883.711952222226,681.953311954288,467.42121882448
GENE77,548.90048500554,470.962310905638,497.317311314258,597.341332818179
GENE78,650.404906212182,343.037501806322,520.970769365993,628.304157640117
GENE79,485.045179720308,753.389647042587,695.657457807819,465.501136132899
GENE80,629.593622165825,607.537734877527,819.378957385122,506.679878410103
GENE81,731.72971266374,439.117932546112,461.549397214541,619.86569670924
GENE82,452.613007829265,454.337210533563,580.272504992028,648.159426013278
GENE83,611.000319735106,262.52799731409,485.799093886922,467.404336079178
GENE84,757.904912829914,563.212493282858,410.976648184202,859.672253058341
GENE85,589.523370531011,534.665286991138,640.296685311287,679.730893707703
GENE86,425.042594764227,498.64829543214,358.691536543327,648.876838070552
GENE87,706.34549577378,525.979056853976,698.344710462948,423.674339619088
GENE88,577.731916976359,466.963128706285,346.355823566204,631.354896262888
GENE89,312.979185900914,694.91742236062,582.506522667178,431.099784228579
GENE90,525.929786746125,492.216169430384,513.925419025277,422.569526301579
GENE91,588.95296519337,422.108105853385,720.896674651796,437.186191754743
GENE92,553.048158022797,666.687741595799,480.14033823607,680.340523364363
GENE93,582.848488149988,412.930504381373,366.76837262444,348.158927953739
GENE94,311.741692628109,645.697525841181,244.556985961902,527.403160351067
GENE95,677.442397167044,389.895866876765,570.239042532568,400.23721262729
GENE96,807.709832166469,433.474994244036,441.648619223984,493.071333191754
GENE97,519.326250977794,385.427410690407,577.543539582677,316.407249363773
GENE98,417.697540725182,243.532087117343,668.721898884756,422.331129089523
GENE99,545.422701659646,555.416648855556,626.592053838101,634.779840041722
GENE100,626.1966418534,610.600822017884,336.542325207411,242.887716956015
GENE101,316.145648873007,363.956375405862,578.384178425785,247.569255775342
GENE102,579.094820146372,506.849669061223,413.9485358092,603.13545568926
GENE103,524.161797032059,547.821482024459,559.526344964598,547.469954715969
GENE104,523.83467326894,591.972434083229,465.983484778846,190.89384433881
GENE105,476.178826757386,444.388417782152,491.61582509031,540.269729541145
GENE106,645.522607904774,748.143175794823,577.748200025727,407.843772185966
GENE107,714.094093875448,763.855479490391,730.76308238529,660.162608758332
GENE108,462.995837065882,542.516833153017,659.259085441871,598.457748662431
GENE109,714.830509252038,460.589615028413,627.764413105277,625.283579764186
GENE110,604.535936188702,541.136614200061,597.530966081388,539.027059906757
GENE111,541.705561836229,696.89779473441,454.665596146411,614.600454019117
GENE112,454.468757641597,794.98078342261,300.956694855351,761.684379675179
GENE113,585.169051948773,521.058646508007,636.534008784161,478.467558182829
GENE114,347.519666321286,707.67200897559,844.132702611089,616.266025345601
GENE115,710.669799018748,452.714765230844,456.817965000733,599.093772264814
GENE116,399.786053624363,753.817293536271,942.682225960454,574.203135831496
GENE117,580.511360932126,431.325258205218,583.300833494402,516.336176016205
GENE118,686.824087727322,484.416749657764,495.119322961181,528.134086240913
GENE119,683.480102807813,420.533193480417,653.763409068594,591.934844832863
GENE120,482.968604387809,766.91910768247,571.753410115096,634.732090579405
GENE121,448.051011599102,444.174900515876,436.183212905237,375.253857904201
GENE122,457.270225011306,770.477606699178,584.025330112863,521.317665633606
GENE123,376.381689736681,560.930126403363,618.438145255718,541.917183940858
GENE124,418.832107702916,741.954953111689,546.198567828812,594.64133037199
GENE125,581.250409604717,752.293041217374,746.530370110429,426.187203525249
GENE126,847.12240968035,596.300910071457,511.207846291033,603.444846512003
GENE127,753.934434297338,403.756347128951,421.669581449338,572.939822860754
GENE128,617.310740214876,562.176819627033,748.017989401275,414.034622866971
GENE129,294.350362825398,716.823638598163,538.568167888344,421.66499531453
GENE130,427.619583077706,588.338187299478,577.312680448,675.963402268826
GENE131,484.143082688152,633.884762687844,711.240484836928,411.019582865319
GENE132,501.669254602538,508.290678890045,741.788478179287,482.279716777516
GENE133,429.561282767092,640.660305486913,651.409178978565,554.998766657235
GENE134,472.118074293827,799.814326559358,282.487883269358,645.644646019524
GENE135,490.300095273951,240.415012274223,768.126281950476,638.603004283164
GENE136,671.790892221071,707.833224521666,439.636043095534,382.326629031298
GENE137,644.426253498943,379.478881222334,370.064050353635,618.909123904551
GENE138,433.92328909006,743.647575106288,509.048430295227,471.042669111049
GENE139,372.33148195079,419.152615132312,390.3372442827,347.343148901347
GENE140,647.22145337964,686.816350929627,771.490245679606,731.702062543226
GENE141,615.636594060925,854.88769806398,558.008176326281,644.554841447909
GENE142,550.854599198721,502.689545722687,519.172302485622,465.206563077658
GENE143,520.490685888583,539.852389699389,454.438076308302,649.088718905962
GENE144,456.629211454947,572.777388073828,500.030634725417,616.103736616833
GENE145,708.353146848992,749.014691991749,660.966320223632,453.936456233596
GENE146,681.433117815953,463.267850621079,469.777846288785,512.689455375472
GENE147,747.168775996956,354.834723212491,684.586415375438,524.821252304921
GENE148,506.614259038272,362.743443704505,418.092642540461,651.198494505086
GENE149,852.015547825375,726.981684314846,585.060463762769,574.484750845072
GENE150,581.379050753312,524.823264848154,412.81981640722,574.880377768504
GENE151,406.461156510497,471.748011590764,323.01702532809,793.416432743428
GENE152,515.850532405207,449.173401089376,560.290478787906,767.745472547042
GENE153,508.103136941172,583.765529986217,561.502343614609,427.061617124103
GENE154,583.737625869007,723.988698773895,452.636542070863,406.509038911828
GENE155,735.932719662844,546.108358610762,488.408436704288,714.664025416777
GENE156,649.126894128976,447.842529227156,552.103723853269,399.097666803715
GENE157,665.523635422394,510.773311028077,642.137013642606,598.034456961587
GENE158,928.638850291152,606.907697415052,506.957374077738,683.066224683514
GENE159,678.018225688713,314.108179458591,644.317535152806,245.508662876909
GENE160,421.072178330641,914.390992466695,753.584068366525,836.270517882323
GENE161,453.559876021794,572.85069817385,713.172087101613,826.513398536536
GENE162,448.755463045503,574.764921412198,493.885895482045,569.648703904724
GENE163,659.302270506849,681.061551608406,464.234843693944,760.881721810088
GENE164,402.622833624821,433.815630040242,285.988767681295,696.423076593772
GENE165,707.623832477492,570.032776641927,526.461388643614,430.251865091393
GENE166,691.122821174705,351.652797960022,659.158711953878,588.498636362604
GENE167,717.052127238678,498.480394173335,458.504290646866,421.65228336708
GENE168,684.538120708454,547.694661642254,409.689613872033,393.891086696894
GENE169,651.784793658238,602.066060260309,707.867106351719,670.065983682793
GENE170,535.697314591363,651.902368178323,445.832591533305,199.414209860697
GENE171,631.059205278716,374.898929742072,568.504841646847,577.846797756348
GENE172,639.13094826197,446.79135571967,518.636489425715,830.087293308626
GENE173,460.272925729293,565.035616206051,571.918348691238,484.002208529505
GENE174,541.378534543894,484.460291049345,453.997262874286,670.57141187765
GENE175,689.868391103665,455.112018669627,656.092828115852,456.922602992202
GENE176,660.086083461714,425.885022685176,236.843775644313,316.75419862544
GENE177,651.076371828918,664.286022904844,494.149011563429,513.674866724964
GENE178,622.459034492536,636.403406433875,729.176667431454,724.466579322581
GENE179,775.701777252918,652.712110865726,683.011997088142,661.458820953784
GENE180,676.972127573871,504.461887813449,637.146702977103,459.093758281232
GENE181,652.5998362701,630.007129532865,422.596236730653,433.676829120899
GENE182,563.489797951058,648.994001141785,374.98298816219,691.437278031187
GENE183,598.436472107719,603.088423640368,517.056798023815,822.806573857828
GENE184,680.521275906609,570.170117047888,459.165855843803,705.621500782886
GENE185,542.450594767644,749.96867057822,747.307782524799,778.834857115167
GENE186,696.939208044585,711.281637361168,393.552752114095,593.825288639196
GENE187,661.781122279833,385.710155947327,526.77411788241,454.150570954391
GENE188,510.249283577712,598.247829984919,554.924834055048,826.508884604331
GENE189,463.637783093372,690.222358799267,573.76625694776,550.27539175488
GENE190,708.966525779995,524.879796063419,523.583377518376,508.640439350389
GENE191,367.377640343103,275.495648323283,581.45574439518,667.938713269702
GENE192,719.962338817141,851.109821406664,534.758442997963,243.621838873552
GENE193,498.104604184222,485.084111576737,521.781768976616,730.203891020559
GENE194,633.106947042475,923.148783822501,720.023543458808,335.097076216006
GENE195,511.085910962577,266.064286869297,484.441407268934,633.417546481849
GENE196,491.686968998998,564.236568017186,540.058945649655,626.808171358517
GENE197,570.831898771204,501.748514197348,642.289392756164,437.478622010586
GENE198,403.567924119514,337.677071360803,342.046764786548,485.330001101141
GENE199,233.253568229538,434.926077026806,334.966726647172,475.846535715339
GENE200,581.711112194519,428.930799964996,637.495891326417,569.006785552523
GENE201,690.559816257699,420.931524641512,488.718063460786,499.099703079384
GENE202,482.078386102771,648.440801532111,487.79350276902,765.741523827397
GENE203,545.210470197254,420.038687663097,609.594356600934,497.937898586925
GENE204,457.01310726694,710.964728906394,608.403328658957,494.331448273806
GENE205,528.336433605159,608.435290091964,516.103585211013,640.513704996833
GENE206,458.363597932879,518.066202248491,468.238677991782,424.68668665271
GENE207,743.352841490257,596.247154774237,632.508841710922,496.154718338779
GENE208,299.724112159294,588.536086329659,446.764442294609,421.31322761873
GENE209,637.153545224478,312.288970884424,579.853479628817,450.400074200444
GENE210,539.892583820555,474.436120731452,350.008281494514,593.025530780958
GENE211,564.737584479923,602.811052021271,712.770407951451,697.84298843372
GENE212,770.925550405506,708.129364406973,615.076523721817,555.601083679446
GENE213,666.079444461508,530.926089004057,653.402919989953,451.592323857082
GENE214,175.580888968926,614.098022643014,363.110420707795,635.536371166584
GENE215,572.418722132448,669.021510586049,828.779850340183,424.321672384515
GENE216,649.172123546429,498.284012202907,569.227119932607,465.105555506076
GENE217,429.816681388143,643.271800727812,758.935268509783,510.922579320137
GENE218,659.653449424218,637.03300791996,834.742465374563,573.1109737079
GENE219,507.603139697355,582.271982980131,773.704998273631,710.379526560073
GENE220,399.658983855647,537.411392930606,653.599436254024,547.816975976241
GENE221,548.993063464374,352.016756234144,649.807594254193,758.652556980966
GENE222,485.123606780885,581.947868094539,605.755879436417,460.230325720386
GENE223,565.68412070067,505.983296672692,456.315624017905,350.444240143128
GENE224,389.835364715173,551.322126728173,548.584317340661,655.442763576528
GENE225,517.466116481468,676.057185087112,611.416824228324,575.05009530196
GENE226,483.204790885442,509.745887631019,695.775736666527,768.593881097446
GENE227,461.584791374711,615.439955602117,679.611557039304,701.830615250361
GENE228,637.381366780405,578.490411081213,692.545845920918,548.663520627793
GENE229,684.678627287076,607.199350181308,450.851342386466,577.15304539228
GENE230,342.243061019511,523.169773911678,685.390579079444,555.836656910138
GENE231,523.572990910447,598.664471337971,588.916942015661,508.101592771626
GENE232,630.228815569549,700.803239748628,335.764481722815,708.119011567533
GENE233,452.7370417775,590.554425862203,728.814803252634,582.856781876742
GENE234,464.068040454561,492.97453236995,833.848973791416,767.785131431935
GENE235,596.201720737204,637.323990025759,324.457539336386,492.487376964446
GENE236,375.417628614721,717.698441508742,466.535749942307,410.372342570419
GENE237,625.036423521482,760.728742968701,374.695933891622,434.599526955837
GENE238,716.3094087268,504.213006716681,583.811142187493,651.784782347373
GENE239,352.514605826058,487.029789547528,252.697295022359,764.68793677923
GENE240,582.177598905412,784.538073486926,700.445624386418,645.977868446606
GENE241,529.761093521088,519.434587967113,769.716027636766,323.395568371058
GENE242,537.374925133152,650.269239015597,326.554337334586,572.564052600157
GENE243,540.834740371824,481.071424557123,614.654830723711,481.422686109496
GENE244,407.448980212713,515.906677625845,881.348808996819,436.098243617794
GENE245,497.282889461708,788.771765148668,332.354379427869,804.367790570677
GENE246,797.719647869074,600.029574109987,365.90865193638,375.194651259128
GENE247,618.788214862857,420.125209381372,622.765107871226,787.188368381778
GENE248,827.683309026745,634.924376275554,588.073934149137,652.654603625357
GENE249,618.095171983847,713.721494628912,551.894420768193,530.601763356379
GENE250,192.429590486078,725.352838452764,445.663514404546,430.0903703506
GENE251,688.821589514087,503.095356523952,411.84073877949,712.397530387962
GENE252,436.474241582664,594.790981282711,529.097142238224,456.983080283513
GENE253,625.772572765113,508.240424564522,309.34652930408,526.522467187229
GENE254,438.646417781907,519.667755723702,501.09751227782,541.634879152293
GENE255,575.806940769216,421.144463972913,400.03333723344,673.83956555733
GENE256,581.159744039043,521.322015040363,689.898378395154,630.500541067921
GENE257,534.148698785857,658.633510255051,495.193204308574,712.634052667639
GENE258,601.858183552527,514.538581867433,646.319099218135,535.370072899744
GENE259,762.513482772221,428.629463447878,687.548523410136,648.312438145101
GENE260,530.1150621562,739.949418816118,416.396746644407,628.140735703231
GENE261,547.068060109561,714.224583560002,449.371359513217,391.760653070416
GENE262,576.68330634578,509.315965201932,585.051900786936,591.164883396334
GENE263,657.362550753214,843.198595199605,639.02939103796,884.756184900402
GENE264,715.422391036191,701.750680054427,448.26635654892,789.244839958017
GENE265,596.331624235303,367.56653856468,680.704869691097,824.533118213673
GENE266,588.362805224224,639.400957714047,826.694434563585,518.43930696137
GENE267,461.627890738973,600.829966096166,517.769466676826,719.185648797529
GENE268,441.676616603954,792.764028694767,489.507947375187,273.230584902804
GENE269,565.110887936022,697.514642411981,546.043446478016,421.082307621046
GENE270,479.23835089956,665.667360444206,546.86788738451,485.514737703327
GENE271,445.977839786893,616.152347738744,679.852509193338,646.374700216406
GENE272,534.324800768873,434.256032493303,645.705080221648,500.570860597359
GENE273,845.336291485092,455.713981650326,451.834026490988,692.655986302118
GENE274,402.636332802299,613.153575575917,541.30229609773,591.010452673116
GENE275,509.019034279724,667.526010169255,635.968817209321,633.451671290155
GENE276,642.205839266552,545.866146776847,741.889435543367,559.835708698138
GENE277,433.285968292622,505.547538658449,278.890171709029,797.441903789756
GENE278,685.276201463151,693.052298330681,766.393996220692,907.981778969205
GENE279,545.247253118903,425.116407390273,539.002051583919,428.296862659607
GENE280,620.616401037926,451.257934534417,429.546498868396,625.104068822993
GENE281,431.695645752603,268.736255294364,530.702980656392,415.014724983803
GENE282,465.392189724582,268.459031775076,442.610302510568,396.752773398427
GENE283,747.073591581243,472.436680229197,572.673294592814,572.47346839275
GENE284,476.554010624369,502.356447262332,457.103843360085,681.480577230609
GENE285,499.965259905026,684.564391334421,706.35614808181,602.694894237581
GENE286,354.668550063333,526.524927856726,406.196257235271,510.22285812143
GENE287,558.394527294997,489.072011783203,473.653803932199,284.568953828228
GENE288,470.442047124167,847.795520630446,555.109609704365,686.039199275383
GENE289,465.714226100739,641.405785851846,583.350478970971,567.052879376633
GENE290,484.596950011849,197.731094860482,496.443487016235,235.242107918945
GENE291,410.854345479074,456.546428218249,396.07369163627,431.977479380782
GENE292,674.35862729839,483.361298004204,667.245411461267,465.130600956423
GENE293,759.773400989366,832.633561266948,624.937228474154,714.815442009834
GENE294,528.725367176835,734.927146096132,663.476567491564,658.19953296676
GENE295,393.234335986282,411.215194737711,630.879932833099,548.471113162427
GENE296,495.665740839283,391.375119477102,354.281541243744,613.674907288768
GENE297,583.220409503993,617.137393521638,522.531078203739,507.822721910416
GENE298,590.901690397342,639.418704229077,455.375970115077,489.818681386523
GENE299,610.574610676894,746.053246391223,847.301093886294,641.383746607356
GENE300,576.340646384606,805.771387278467,604.076226194558,500.073497882139
GENE301,544.718019024799,591.106473840191,375.907718604734,420.600302918456
GENE302,652.126561417372,634.927411103982,465.687582301528,597.990919582236
GENE303,455.690910305666,521.409113433687,941.730981201365,562.46860175508
GENE304,460.656638193593,312.936549875317,323.676820852448,347.607233087652
GENE305,479.106749811138,509.143923911393,598.96821145807,433.859086302416
GENE306,617.609975204766,699.633772441693,507.051686203738,656.149595513795
GENE307,619.708107676951,631.104531551857,409.204757429897,583.855110969135
GENE308,856.300230551755,782.329956502135,504.081823385642,610.768436850988
GENE309,547.602622763226,681.126962509854,506.032676389241,570.338906470851
GENE310,459.965503738143,756.274288595958,521.20726288281,329.659425351429
GENE311,644.675818404279,356.305919721874,614.880324604237,731.383491377206
GENE312,448.238180195025,533.38729429131,676.966362382328,566.455318869717
GENE313,601.997225203409,354.487927125223,644.232202322419,605.012871015899
GENE314,200.963437780375,414.949302868429,683.095503554285,668.82119436542
GENE315,440.762471096948,432.273809229741,620.818514764454,466.196029414889
GENE316,512.200772940047,613.731627265145,512.909297279308,675.593694320556
GENE317,594.467047268327,457.366117615856,711.928816760368,879.086953542815
GENE318,498.146288202673,893.781247545474,439.0581715885,605.907597899078
GENE319,563.767670938208,546.25148935696,514.494472627775,524.01281879768
GENE320,541.522786393607,531.560682366879,442.363691942645,598.579074252823
GENE321,655.693174537475,788.772323413191,517.131361019948,537.415964541878
GENE322,762.637171590634,446.268249126862,554.71733561187,768.963666598532
GENE323,591.052369622661,557.112413384779,690.017196727315,553.757265420516
GENE324,647.220028634301,586.637513497826,819.222017014959,505.76794055587
GENE325,587.081636373983,735.538926010401,964.900043068911,543.687198947726
GENE326,402.612848354375,374.789507560935,400.781695628957,438.423034581698
GENE327,655.11049024945,261.954722778872,546.703145976735,467.09008596376
GENE328,430.751548423458,483.807743709829,675.539481735045,531.023204722254
GENE329,690.771717448634,663.730901111231,470.819153064574,754.187916744908
GENE330,409.499536016123,631.636676778868,597.445095947657,603.632050746622
GENE331,700.82810275745,444.747240375287,630.461806475701,414.885784687862
GENE332,814.150604028603,714.746281122964,543.591734386652,658.407263379999
GENE333,453.670598686864,562.623894893274,756.417105563337,528.896123334192
GENE334,728.302542511042,844.148908265345,629.747695536367,730.196849454539
GENE335,784.402019160244,590.106980125596,652.497495409187,348.701895695937
GENE336,437.437258003988,677.011476356376,512.996478379001,596.296622350133
GENE337,405.733133480003,702.912013445729,681.603285870926,665.762568428957
GENE338,600.662105295085,637.251029724704,558.034621931623,169.217483124094
GENE339,847.410267391152,550.598365514241,657.341483825381,533.665257792696
GENE340,661.258869871638,565.994213764074,603.714704739019,547.359809976855
GENE341,358.360748252575,503.631659981798,826.146780863778,593.210063621183
GENE342,590.234210145722,565.156860154925,736.585925902038,332.258623150328
GENE343,337.191909984236,513.43321792722,609.198455111882,511.721833903863
GENE344,672.817748065735,797.161442828942,452.627114413457,357.696325026594
GENE345,559.864973534916,695.855973017095,548.224769960126,529.457895985589
GENE346,635.58038945657,443.001826048329,603.470450849486,695.537763703887
GENE347,420.382776457967,869.977928634145,577.461612806374,413.795297620423
GENE348,682.958493507495,629.068777361245,576.362514056488,514.752123337625
GENE349,408.154156946636,526.390220511149,622.408257318906,494.231293086144
GENE350,480.959450893511,550.930963582847,1019.33243605115,617.655061719968
GENE351,483.345448063707,558.917203306574,635.072282619878,830.308506229193
GENE352,604.543016786486,602.511989129593,611.82234502802,595.885806092176
GENE353,789.479735606337,447.388391050875,544.498251073915,398.150477721629
GENE354,393.663803290214,682.674556139366,620.398654274249,645.404747063771
GENE355,419.998133883063,459.938200344351,844.372784961083,473.019850914552
GENE356,511.382151919037,688.764973185433,700.864915136947,579.246873591983
GENE357,667.709033990042,452.883610711742,572.817963461826,559.37808245908
GENE358,601.405995115174,713.04309642176,463.009312207094,560.64054226687
GENE359,650.061190981173,507.860907153471,721.252965235836,441.95366315275
GENE360,686.953844981609,442.04551933473,643.423372620121,302.522492262769
GENE361,705.758322440704,495.13708706774,612.505172740183,623.7985246887
GENE362,370.093702732893,490.894851188056,566.406167936311,506.279821181747
GENE363,652.094731152808,644.451928395206,450.992530149553,516.308766791694
GENE364,575.426482145967,777.484865731979,511.225227807548,369.415770254495
GENE365,576.30037173329,628.196905593949,655.099338485868,515.929909696137
GENE366,776.532302079734,685.276848219295,536.864879047335,316.634408682548
GENE367,484.066425696123,765.490859678974,633.769744444723,442.010490342245
GENE368,462.798564905985,528.080537973682,485.705238617842,525.828091184903
GENE369,534.921209131384,464.942255770019,545.986134840672,652.186802537684
GENE370,337.732163862648,708.485892269209,735.867055879064,709.608360057687
GENE371,680.656154559234,596.251856647709,593.908267068447,471.308509867257
GENE372,719.873339493504,610.330288536888,537.675269189604,303.963689229747
GENE373,538.80432814503,593.006185154243,694.091003069694,617.769378168143
GENE374,750.888113938562,446.126931235157,889.678958915462,574.503640699265
GENE375,534.209318216334,677.662183342421,496.327114318292,481.971842564445
GENE376,409.795881240281,424.620496531011,636.033406957323,581.154551129944
GENE377,649.95740835028,444.516784008812,643.561404593282,556.33702658011
GENE378,585.879019759622,568.9348238339,657.328809563333,431.06984278935
GENE379,733.848869992296,613.587319346528,617.714181486838,718.10535164044
GENE380,668.317655121601,685.54023157268,721.875366616001,344.200068085677
GENE381,492.206376457266,622.353809329746,496.60833964951,668.144498826793
GENE382,495.861424469138,705.836994117468,723.917829987034,483.25965850022
GENE383,741.230826605337,728.669571958242,445.651901524953,564.244844007913
GENE384,468.297003355354,777.683403821188,706.096087512339,861.451390990854
GENE385,384.776057772097,753.321782828192,291.620352297231,452.172833981084
GENE386,413.579297815547,553.932990834815,466.451017525457,703.825176022114
GENE387,513.218595282469,524.83243382347,232.945423771455,454.668822183089
GENE388,606.622351030777,631.865248774176,510.426289356628,255.935336576705
GENE389,688.3956571652,607.466297581432,485.800586600402,460.47309637442
GENE390,661.481234952063,374.108169891184,316.878142248481,647.803909605467
GENE391,488.69335577175,564.971522506642,532.555738584243,516.284032370638
GENE392,546.236939373671,653.19471638404,619.557289224647,570.125995549937
GENE393,392.928381242324,472.466155086904,545.429073287047,417.487190371578
GENE394,645.557525170809,622.292645477949,761.893475332113,522.758482797395
GENE395,599.30463138498,590.225054134733,611.850059940522,502.569296630498
GENE396,865.621670835039,616.600189918815,749.033444970536,622.859375786707
GENE397,694.500431619117,455.954219405504,613.759611362876,660.721814589977
GENE398,452.583509723152,637.530644664578,626.344169693204,443.766088362639
GENE399,473.060912870305,671.764151350855,408.09323200922,453.771536752401
GENE400,506.008729359633,695.598348433295,649.370912883778,505.987380450957
GENE401,444.666294008426,291.725990897423,411.581965474232,573.068402720138
GENE402,400.808537206647,631.747117367456,557.516314198423,566.947684158055
GENE403,316.607087085081,692.219916906298,657.034551623957,597.064028117075
GENE404,463.499266067979,505.135661498113,529.342604503845,407.895037344996
GENE405,748.015980753499,612.886626619786,708.103074390805,594.6415921758
GENE406,380.162187768092,529.068627765704,607.395408348781,442.17600341501
GENE407,827.229542332625,280.365659362108,894.680938339624,461.735175602959
GENE408,481.434729097056,538.443672356041,648.400796886011,526.902325119367
GENE409,398.872903006761,375.77498332983,127.014531960925,752.193357438565
GENE410,430.640706890347,618.293724263629,844.820967699701,340.537887183293
GENE411,514.761993492066,716.806162837506,389.882065537754,843.928737113143
GENE412,699.007737731795,277.79642018692,565.434659454273,355.503432226759
GENE413,660.832456100279,441.030962327767,359.256241079301,507.297956378169
GENE414,570.513136870064,407.522721862934,339.418349861459,412.731474536736
GENE415,728.846831256297,615.126320297778,638.319017858313,637.491550452998
GENE416,184.091439800392,586.015025498472,723.104531224503,525.48817715085
GENE417,448.38081706884,648.40165221665,359.748589245198,470.392732445439
GENE418,486.002726149778,548.572373245802,520.991311280009,762.927480328128
GENE419,535.308272430174,415.637394875907,581.689046282997,766.358956722806
GENE420,658.519218003677,753.149307118227,305.526370547165,489.204946047567
GENE421,628.319177691919,370.58634621332,512.141090339513,358.540419933113
GENE422,437.943691941185,278.013640500712,796.56748487146,752.279837816619
GENE423,508.778947913789,380.500227486379,636.808523385462,567.705193023223
GENE424,524.617364780984,448.863321178274,516.245640008386,592.795013857503
GENE425,742.583869759652,619.96083973611,600.190217642196,561.210899958588
GENE426,404.440431862958,586.233569152968,533.936143255033,353.455490584455
GENE427,358.091620086893,738.476468430049,666.09880437576,540.439074390845
GENE428,700.394344993819,607.694633073376,418.937119407565,298.391659496987
GENE429,513.203685467006,639.253233929452,600.284088876859,654.01944736526
GENE430,700.904642118094,668.698059816345,725.505861064065,590.463638922453
GENE431,238.483348077061,692.777881404646,501.329015507824,522.550704637285
GENE432,498.560692911811,428.66672677059,370.385680800929,328.722134050274
GENE433,276.985661621484,527.731288236132,566.665811531859,684.394003307953
GENE434,374.937580822212,538.888092293513,505.538997804141,576.616232047634
GENE435,587.446184617511,613.340693754932,639.547237630783,853.893175482644
GENE436,611.566477485387,536.687433972511,336.873058931583,550.878313334273
GENE437,695.584743759008,540.505866563499,535.655752609381,602.74947819149
GENE438,681.407270277018,628.600998861106,539.797645976563,774.985005817877
GENE439,691.196866259653,540.401094025701,638.664372797189,464.380826931415
GENE440,381.544984120527,524.975364571674,536.473324015078,444.581946293807
GENE441,536.146179150452,714.746292313536,760.279925680877,511.341023332503
GENE442,520.456763577649,712.463774950876,588.272455926771,519.983390335156
GENE443,611.200263595867,398.469191534675,461.745185230904,521.359501503526
GENE444,458.096931683371,675.053477242474,547.740621205203,600.974318433478
GENE445,438.776299249733,350.796564186194,387.458244089899,637.028066075142
GENE446,280.417335548095,411.974791544775,590.985341392528,472.606423784093
GENE447,681.866100006687,560.412942909826,338.763984169341,617.617080388548
GENE448,455.561268493777,455.98420302411,559.410982801815,504.099558105228
GENE449,566.736134441217,573.539021815246,610.026023470356,514.231010039801
GENE450,575.879003832669,713.883557015014,448.56933023427,644.489492813343
GENE451,372.778251142752,537.252681112132,1030.85896704203,795.025714835285
GENE452,735.503593814518,446.482612625892,503.838022998972,286.461724537352
GENE453,569.71360483148,427.977497373949,436.672607178201,537.041188713642
GENE454,542.564683302945,474.489967156644,655.543195416738,473.293545049299
GENE455,528.466059417131,639.669678692371,484.770586257192,402.743950482608
GENE456,678.086419833838,601.211435749436,798.02769540461,711.786204647462
GENE457,734.923091338935,593.690363706496,582.503613622349,674.478338536294
GENE458,654.844949452343,508.314683317006,638.299805905198,810.314374854627
GENE459,665.980433275389,479.836244172784,597.075646245433,486.605676092577
GENE460,709.189820605362,311.264174085396,613.635964225294,670.440628126446
GENE461,674.528441458698,406.118286497802,595.398092093796,505.77458788325
GENE462,757.391089327007,735.284210852582,417.314591540391,664.644997089622
GENE463,563.88489651961,729.351685120631,486.171932053901,509.498177045924
GENE464,452.472174984913,633.993457521285,407.728910020117,572.820350522315
GENE465,489.364061148954,441.288681183794,507.281229301399,402.577060617316
GENE466,503.403341320281,629.00947937173,631.673426203501,414.475838128162
GENE467,622.271467417203,417.902679459651,455.268257978709,560.236455780173
GENE468,507.939768699632,427.435916126837,585.673312771631,570.093845830247
GENE469,569.503637826353,543.84453751067,445.983401524623,230.099540628701
GENE470,553.549816598445,434.27581225003,582.288263330569,537.246195688246
GENE471,807.245272619901,598.901282045873,685.450701668685,1026.89524513886
GENE472,507.527143753768,516.23759327171,701.560576802709,674.077186498427
GENE473,805.096335468922,416.23987154443,541.174468470342,511.939276814423
GENE474,549.894013729475,401.857421942334,919.87887650795,727.081725129581
GENE475,706.683822020813,568.233925796161,700.402492335811,531.415402778914
GENE476,595.647404505874,650.465001372254,395.966366095068,270.362450237828
GENE477,544.85972638229,637.644576357788,693.529337067988,613.613877367283
GENE478,379.601596822727,628.852007164375,516.240265086352,436.526736155588
GENE479,342.733996230997,611.535340913802,785.601688580068,674.693722545707
GENE480,468.358349966002,282.063740600037,647.622517012585,602.972597853075
GENE481,406.986511913796,415.800111139845,552.628906050228,894.659825323821
GENE482,740.111828156129,369.043368326299,635.235372809939,485.465050122676
GENE483,574.990729118387,330.07707850714,620.435363063859,754.129703658567
GENE484,689.32666950421,727.713292469551,648.517562788378,567.973235708531
GENE485,724.529303946096,397.672605183865,574.375693963468,999.834650179356
GENE486,527.228266875003,507.116957103702,549.403594388194,611.253531744576
GENE487,570.635889431358,438.100081119162,554.808163494419,611.247137617304
GENE488,473.241815620757,695.964248591057,641.044486195764,517.893399592608
GENE489,511.352734647784,363.308652371221,699.970706274069,331.731401123819
GENE490,528.743642514942,511.026790825148,420.419028412804,566.219136020526
GENE491,478.904713241763,652.93785328067,493.525256439774,333.139258489411
GENE492,825.561140540249,301.014277195523,826.307415192554,683.818125519475
GENE493,778.631679016429,566.166522666525,602.175079389627,480.995815512316
GENE494,754.329038747913,468.213693507643,498.92601280764,515.89142028737
GENE495,311.784745549938,525.189246234644,501.642760557215,401.859566875527
GENE496,621.492841114594,457.916123616796,425.783280002196,542.098673263349
GENE497,742.034411363523,452.897362954342,353.445250654704,877.999572465663
GENE498,548.312551545103,596.347826018356,651.443727174344,543.508773817839
GENE499,665.827738181244,531.826896992149,481.535554145227,498.932113256679
GENE500,371.82141008443,460.238773297381,587.340705475351,447.781535260895
GENE501,493.109581867286,471.175834671133,492.943100711325,435.188038647944
GENE502,428.309358936643,632.769144980615,569.707612054568,326.09520825196
GENE503,654.591743696937,611.214546603567,687.140149823261,586.90646690601
GENE504,856.3626914603,550.832457070335,603.557004538339,362.035910080651
GENE505,448.371868116588,329.469112778329,541.438598083744,338.537073299507
GENE506,646.663818531957,625.176765540206,865.907706163371,641.915896171847
GENE507,534.308507291096,502.410007564424,517.731134410329,624.773249456485
GENE508,757.487236432962,723.597727377448,588.514494398594,608.32445071069
GENE509,651.619090794346,570.072999677109,537.707495038119,514.41570246635
GENE510,501.580843714691,356.515243868693,438.89228112607,750.08132118362
GENE511,746.753532395241,694.790254108043,589.610764660229,424.809284547338
GENE512,708.446235259988,451.135361997662,684.417590699252,578.247235588645
GENE513,577.494235764665,498.467375562982,682.578991745173,496.099508040449
GENE514,485.444625304448,648.109077764118,685.340726369071,371.225821418483
GENE515,699.907844467227,550.452658786642,684.04543571005,696.367435254115
GENE516,652.561425528963,629.53430863582,625.243291805267,720.10449020331
GENE517,763.934120375374,640.698173879936,629.540189026559,730.449903440367
GENE518,597.988005607709,608.129743275775,533.080341691756,390.270918020701
GENE519,516.752089483444,447.837398000524,867.021319054799,639.008662343056
GENE520,865.162598058661,500.208254960108,501.764987284307,540.878194177435
GENE521,567.901352501506,381.61612797546,672.034578743584,511.636571658929
GENE522,636.861500385704,695.012668904188,539.510644035571,474.63324213306
GENE523,509.836941196418,437.514915585082,411.504012373818,609.571849898192
GENE524,774.081519224172,336.167733292401,527.491599862261,582.841421210714
GENE525,670.186078169767,683.991383561506,586.284350786546,612.315578092841
GENE526,598.828168748872,492.124319056165,415.476747223819,523.92949566857
GENE527,500.176966691302,305.197722439244,424.281283668995,526.661231698951
GENE528,685.982677374285,780.405869037998,696.630230588673,479.359708700028
GENE529,440.561173584139,633.316267194115,788.741521339626,450.433584102479
GENE530,491.867146024079,569.545087464557,643.680446040996,690.798445941339
GENE531,556.244101511489,706.711803713074,764.028275218881,574.810004572356
GENE532,537.908480949609,596.581774485426,719.239188597926,566.97089207902
GENE533,528.98084587241,420.672740165341,481.437029916248,615.934352147969
GENE534,739.389352631655,658.964796302833,848.581193726577,454.115820463801
GENE535,448.947694888178,517.113320739362,393.847381827616,559.582495111901
GENE536,350.275649269788,604.590305615974,683.423579501925,657.606910998302
GENE537,584.699971547603,719.677142441886,486.824154487122,519.575351692518
GENE538,542.590162087959,719.212639638464,560.828567176842,453.66869249772
GENE539,654.629757358013,554.955957377305,404.486898869023,571.253947823068
GENE540,469.035520579701,750.65632848989,510.135553341741,785.145637283435
GENE541,552.4387065828,675.266104109043,522.157913477309,833.095873538232
GENE542,787.849219777642,557.058623613154,544.636925946311,626.43363541172
GENE543,444.696424387301,420.425232800975,590.136869800492,457.293734100264
GENE544,568.428583166492,658.52391131889,683.589482821556,695.588965301311
GENE545,667.150952278342,578.343356486767,275.780789596676,562.066685578715
GENE546,683.889628552273,823.148983513687,850.232163859159,547.200308564471
GENE547,756.573499757188,760.405400576467,701.112283859568,544.313794540785
GENE548,473.547643310465,252.625812779073,770.308376156871,602.64279771904
GENE549,548.592420973517,663.358700175827,768.399900633782,639.187132563951
GENE550,630.195304316741,639.888381264665,542.155869472539,603.548782722021
GENE551,483.876698102361,431.094728531029,841.464899182827,493.415332501764
GENE552,947.116958793743,645.7672201436,469.790264602993,698.441692998457
GENE553,516.409040217011,672.545131118357,519.579495206947,570.125070244468
GENE554,656.873990252257,423.039030041878,569.037996557052,497.627127103929
GENE555,439.664613465713,560.015847853616,616.560155435799,577.505332114133
GENE556,446.176112082714,418.822003264743,546.796215594851,574.192276332
GENE557,329.407027069679,635.899060372798,601.614314901595,604.343813396836
GENE558,827.425751473207,779.918880304885,496.93257985819,384.605996998102
GENE559,639.639026806377,717.956875941961,634.516686878275,573.310382087561
GENE560,558.718113005605,576.703154041749,752.556857651194,609.562407099699
GENE561,665.643560473161,659.396785595925,591.866988266128,617.758827252995
GENE562,742.737685823401,649.621804498368,482.086403501414,310.504021420836
GENE563,595.12497081341,812.655628756333,734.47081411127,495.428135011891
GENE564,428.576848522074,496.85297257214,579.673314883227,688.221126999352
GENE565,549.85894183644,458.374215367627,547.561322295726,550.127721746487
GENE566,754.53898430123,650.816620979587,746.235913039654,607.570147573416
GENE567,377.351071233376,690.685155025673,516.625975991142,646.946319176187
GENE568,463.792316945147,874.744118744603,479.441604906316,617.027392169324
GENE569,480.138455700065,588.483874841016,698.683820415216,481.066522599179
GENE570,714.289011627848,563.528316118044,672.583774960361,746.84489636043
GENE571,708.544076478773,652.720182054078,684.172092767662,431.456814652897
GENE572,606.362642313362,485.854353099825,1071.37938581776,591.887812448763
GENE573,703.797508452416,502.495607814479,451.606487872279,826.033287298672
GENE574,453.756158356868,538.993398606761,972.97437875714,651.60437795563
GENE575,832.885353971414,689.254797666139,623.137675615997,523.465760691159
GENE576,596.139828487339,265.449271278538,622.555390263904,605.63333810648
GENE577,652.989940428621,479.523158097515,449.996682477668,612.59445753922
GENE578,434.188932434644,734.28359933197,518.815990041014,511.682487286554
GENE579,551.59748480257,600.085753630259,537.500308081825,400.131470242491
GENE580,349.607136965609,374.7828681069,649.68418900578,620.815767751872
GENE581,739.343680786437,558.327342822387,581.823904117607,466.832161524924
GENE582,664.810848993233,447.199824944436,501.361277269941,516.143595027578
GENE583,564.036140676176,527.49876508749,415.845967742829,747.848623486882
GENE584,818.154237003704,493.400158575811,421.67302180103,235.501772581062
GENE585,483.142581776355,381.413569262152,518.229797111841,589.269347821906
GENE586,607.269954339821,725.234279622014,262.469663425568,726.085538692391
GENE587,514.339094137249,430.136784673018,670.701690912583,265.673579775648
GENE588,579.20047420431,624.27071832582,388.260962787244,376.521217887073
GENE589,525.480833980658,487.388614716033,457.329812549163,496.185600587338
GENE590,790.868242035249,523.373230105743,388.434569191572,485.658144965919
GENE591,709.017888998917,823.753291402692,133.621656792102,580.12225053068
GENE592,622.981949509555,456.298214019212,548.858667692357,569.555606624166
GENE593,565.429903689208,436.714200466501,636.5275910767,471.152306511799
GENE594,661.236492730471,665.955658654756,482.012504919874,466.679049520279
GENE595,524.203634820985,518.440730396769,565.087646305091,656.294607394539
GENE596,535.61678909666,572.121951153096,424.639041802341,620.524838835247
GENE597,872.667267341862,393.274695586127,758.427751704054,642.810465449322
GENE598,480.979376895508,544.476509372532,718.779471875806,643.603059259484
GENE599,514.968154473172,600.580117628825,695.092613855333,311.854680360273
GENE600,437.665862956182,544.887761191578,536.452944504624,466.270683585009
GENE601,297.526831337855,496.822662372441,728.044034790682,554.609350396843
GENE602,325.528029905176,609.260653828118,432.337300156823,852.474038251373
GENE603,717.369984215709,625.275234529856,511.419737240807,526.754849351727
GENE604,732.676301011004,781.650901510455,593.786287368834,616.467749354745
GENE605,702.977226156968,588.667594843961,616.693586567339,658.206453323721
GENE606,590.964789738084,521.749277815044,695.38555754743,632.480179241147
GENE607,424.293585643739,435.515746092395,615.552240995975,723.263931056377
GENE608,576.10858870664,757.475094108494,339.774992147821,643.132331571093
GENE609,829.581651456358,516.486423363126,598.797408598488,542.27920058662
GENE610,697.372108302763,708.44877770647,603.273120639871,515.228287241483
GENE611,404.367770794024,292.734381206324,266.532198145253,464.233395850011
GENE612,464.05626281,415.624488717877,518.800141564724,473.856803425146
GENE613,630.581874578886,476.601637996188,475.819485918865,569.341076225478
GENE614,685.093723849685,702.321856948943,319.114204370487,502.232829900935
GENE615,536.452650695889,755.939146543743,518.675675080115,587.852056172291
GENE616,698.893207390042,553.068609399078,577.027566111336,568.152189819221
GENE617,744.148627147629,590.002752139845,489.890686970776,604.35644043717
GENE618,528.936517971386,562.279252654633,532.090686361955,680.591431968049
GENE619,508.301673768224,512.54734953997,676.155546818732,575.357091653946
GENE620,475.548972837627,729.4409248914,603.598104626972,765.242211337045
GENE621,646.587834424696,623.866553651112,726.422995095804,676.411816210255
GENE622,239.393070668391,530.609402259498,659.885426456941,327.338952398751
GENE623,643.186935139808,663.7751092629,491.464626452819,887.175583945598
GENE624,623.513758872809,613.746608809791,534.688980284885,730.599901558979
GENE625,681.4296931895,646.178446365265,673.706094469449,570.640376714317
GENE626,623.37970754045,558.253450265971,567.693119211644,421.435128427093
GENE627,625.538480179013,542.07556085234,378.739523677126,637.996523860618
GENE628,554.921267344304,524.524911106878,706.888158642599,575.802884095276
GENE629,576.100885429697,546.836015345431,884.865063187632,549.404566287644
GENE630,774.346911096177,759.146886308545,592.589356750215,342.788130804451
GENE631,711.237094483265,415.420021621807,646.569346242313,477.15214923436
GENE632,563.220310151168,395.326005622309,568.649142685332,426.992279664346
GENE633,414.856235696693,796.091620412129,427.92733697369,658.605836642104
GENE634,465.097225589707,552.219539913394,411.487300809278,332.627034025083
GENE635,294.677722610052,701.28414573373,582.519054647943,722.38299415527
GENE636,885.364198815172,463.546849525636,439.544148046347,545.464621921598
GENE637,552.14340014907,777.478377430227,512.654095885208,717.423286042282
GENE638,397.665960162177,536.061606611121,486.679721018763,480.445631859795
GENE639,669.882900640207,592.513964561932,635.337589798452,403.193384088162
GENE640,693.924736515469,587.070838960199,693.64138273431,495.375683313727
GENE641,650.180744609163,671.838791663736,557.880962754975,668.11040430612
GENE642,667.177734746418,586.166383472817,556.909103923304,596.065909217434
GENE643,598.810664190954,471.956017258067,887.973090150139,486.581727841167
GENE644,469.211860422696,351.547719356229,657.645195386649,343.583907112363
GENE645,585.796569218078,658.576757144235,613.907806821605,362.692849244595
GENE646,545.422328130019,547.727694475958,551.252358393423,538.517154599038
GENE647,561.937086071454,473.370180118493,596.881172064273,481.601585777418
GENE648,665.2060059028,615.82603382049,292.859797738989,688.538713916934
GENE649,394.553477398976,730.901409292479,728.406011493879,217.646138032421
GENE650,462.292897611888,640.647897691892,540.564612938585,480.93437319467
GENE651,630.208186325249,763.363055844836,634.229621203742,518.803248069503
GENE652,468.892468066389,641.296071423887,564.707069905544,612.959358744396
GENE653,370.30537933013,637.580913226086,530.464084988192,540.589324355594
GENE654,738.473756050137,544.909284382166,592.754190173647,385.876901451367
GENE655,451.87102388325,553.348224129026,533.726562608786,831.92264456192
GENE656,594.9866898069,580.109031023395,490.132449332995,514.084651959956
GENE657,728.058689238003,519.688492651377,540.789908829042,412.996694355928
GENE658,663.568930331666,499.181576547752,629.566696905643,778.524424459472
GENE659,674.460202978353,633.953866745743,694.966622718838,403.762749029743
GENE660,452.039695233086,719.296988120478,687.437805587558,463.121794479994
GENE661,539.3852488586,370.667076777677,619.16205908621,356.339103915328
GENE662,497.374906521014,542.304779205804,570.058151004398,471.306458552634
GENE663,608.321176556768,352.0126688366,672.554489641592,314.874071958335
GENE664,665.454077462502,856.681575687983,544.336777569482,358.530393209
GENE665,347.878945617541,464.46978739257,629.758349239307,673.18049747307
GENE666,952.265643936526,649.94051901137,589.579728024886,555.832590608701
GENE667,434.980034997532,619.741437269321,498.462618584977,588.7783381441
GENE668,472.789092676088,588.288058915824,493.865654208882,661.956846695104
GENE669,624.965727052334,613.980577490162,721.979909715051,391.199874982226
GENE670,472.433811776933,388.140258973295,584.440670215221,463.366834208875
GENE671,495.647708996117,550.257503057671,683.512363865719,297.804396917984
GENE672,320.999816269556,394.687257626889,651.832869438777,602.145587505538
GENE673,774.34049141626,667.865599778153,292.196653711928,654.278373393301
GENE674,604.521484851751,479.656014724653,697.383445815565,536.857437821579
GENE675,561.272586650464,522.766675310074,618.292379276415,797.751481123738
GENE676,576.845960524862,624.966171613193,657.551810875995,586.809718641835
GENE677,543.267666253967,567.440139727697,268.947808249808,444.034787164479
GENE678,552.767295562921,576.163054475539,345.114266470455,400.71846466736
GENE679,452.824233588966,248.706088290371,559.703655574508,434.299558319791
GENE680,275.818569536874,560.091319246018,525.214259486082,751.75804733734
GENE681,640.281127060663,521.551879224644,602.148099526425,501.790539394654
GENE682,551.182650639715,512.980458493336,570.398164366332,499.886458420216
GENE683,453.447170873549,665.784012162713,489.415407183734,413.512541617788
GENE684,644.753559486777,563.213485620494,569.860998347375,499.642453644333
GENE685,721.26632883243,769.528556841236,193.758841784604,739.199311197177
GENE686,814.548823978464,747.301833967357,753.497307233727,394.263575015997
GENE687,670.891191331275,708.698730069165,453.438057009034,397.011075726591
GENE688,584.134568175502,546.818735474983,749.897337468021,427.306183492521
GENE689,489.030499032988,618.255405603946,487.760963282658,426.416863775305
GENE690,582.613916035208,709.339360202642,554.054928708716,591.070691381301
GENE691,471.564002801086,536.062438992582,623.194603970805,323.49359186877
GENE692,503.09110794876,453.837337175236,531.475209091486,876.441319902961
GENE693,594.046672026858,738.409760242971,565.485135420898,604.473890390751
GENE694,441.079089274157,693.085762710682,442.754695407821,619.566332011973
GENE695,453.420031280796,463.225219256211,766.756194462686,794.060832345515
GENE696,654.469509401864,706.962816974402,877.119762079753,661.978009095882
GENE697,669.927959673745,589.189819004579,489.494769092681,649.65478530599
GENE698,639.710178750442,308.71485354591,442.464540285763,611.270499680613
GENE699,331.318703306169,292.708626746254,536.221679894683,638.554848799666
GENE700,520.7969442805,608.748094287333,816.873102134617,567.589083124779
GENE701,491.977835684856,488.62673905099,451.146311391398,523.741910368389
GENE702,574.760326184926,585.144395842902,785.901485429134,673.025066560384
GENE703,768.973560183224,666.539447409829,480.61004777118,253.051745136733
GENE704,413.066708289942,474.421620362358,450.737317644672,409.991068367618
GENE705,375.194819342946,350.77142617524,590.405590306881,717.581801823061
GENE706,429.215051385247,509.182565037252,380.277139098976,671.714283535881
GENE707,499.444438020181,444.218507498116,519.614822323382,571.439255948731
GENE708,602.948440527068,551.931178858009,651.905419913614,467.430901833278
GENE709,441.474480385962,477.044935771075,647.449545980572,641.744892525009
GENE710,521.717712085988,649.466927019644,701.857359807528,387.869931388449
GENE711,343.882520864747,673.262024007451,663.488966654174,412.332616307633
GENE712,632.164468175865,663.991180545177,618.007911828137,562.768794532251
GENE713,586.835425959175,361.732435538501,479.416978382208,682.587052360971
GENE714,544.721961056085,612.92173625462,482.886573602164,689.934622667668
GENE715,307.761367389594,652.026296387207,452.958472020744,515.339402430149
GENE716,629.765571426708,466.425083732659,277.745396885586,397.817230651244
GENE717,555.497972330398,522.33811937538,672.335696453635,348.303991508655
GENE718,495.366517803209,445.059984545704,691.162460323048,698.584389297657
GENE719,484.403827866979,327.521124060627,748.271942304463,460.886714844654
GENE720,545.405765276539,525.277089650853,348.007674870194,468.607413608684
GENE721,694.243784929588,984.720188643981,433.738821499439,486.162267024604
GENE722,635.641361206457,387.056222853564,592.664094896651,345.55261526891
GENE723,519.212996261177,489.6241849368,500.855391004434,670.064443557014
GENE724,580.453031585703,480.209458584367,628.078121523448,301.606691342359
GENE725,600.741083887337,595.161224679048,438.25700598335,619.189080993727
GENE726,820.936995576114,799.963073470606,394.517043875346,432.130130558218
GENE727,696.915080176216,610.430442775269,630.416577984549,518.830287788312
GENE728,582.004569600258,582.477158037473,612.086537461884,504.018940512282
GENE729,552.359475765908,504.104133869917,618.824773584481,530.148756672203
GENE730,395.460130022526,755.879992727973,534.740371399603,687.293518485738
GENE731,658.325624336868,406.547172229585,683.505109168689,334.631680588353
GENE732,474.719847225083,635.624247924093,738.856659096208,705.687889216555
GENE733,572.442585658774,735.812385714996,568.452730362291,692.5256896498
GENE734,447.69797294887,580.637006865499,568.3957759983,478.342911551315
GENE735,546.296702735485,556.892227518823,406.115179051736,815.705089894907
GENE736,533.260508527025,332.299957900006,467.710043024768,635.813924125024
GENE737,404.557436270144,735.454485732952,640.771126360867,468.077113308146
GENE738,544.049935480821,370.813290742407,433.209516715595,178.99246289911
GENE739,529.11183425354,566.740736144449,505.164950882561,593.103269980965
GENE740,506.361446489017,503.876647019475,522.033533905063,410.659860024276
GENE741,770.468607922571,452.295392781815,649.139544008264,711.77134637358
GENE742,491.117739728933,317.052366451091,369.103807048457,140.561575784428
GENE743,553.334672543553,560.358493164586,864.806035879241,652.37915244607
GENE744,575.733643992249,720.51787159143,423.899347266255,519.604624238852
GENE745,443.346038252402,631.028154600253,521.930410396734,530.052131079671
GENE746,188.770500189726,609.643646458332,646.254806849423,763.351962375754
GENE747,498.00242509784,651.570365975655,539.560784125894,501.123284819143
GENE748,643.81731240924,708.971910429924,464.372236800979,348.356065841168
GENE749,811.636166277197,425.514562009449,585.826900069348,687.068971226965
GENE750,412.836236304579,442.939889968897,567.646264302346,400.780349489149
GENE751,372.690420371785,522.370716846829,601.998105108849,610.800992885459
GENE752,630.936157720349,568.566310754223,455.630923185858,433.391936572718
GENE753,522.134149112182,581.442289682293,529.423242495877,446.813758777601
GENE754,555.991184045782,458.706222561011,682.947103469521,759.152974238991
GENE755,530.711465659341,489.406389283388,493.923187186586,766.878520015139
GENE756,585.876143581168,555.827440931894,624.545788585725,474.445588310956
GENE757,488.505398496701,557.282561969077,587.497116393418,595.810870874865
GENE758,537.835259488142,560.427962822022,455.988407096012,541.496692330425
GENE759,626.977710166409,292.888893685245,515.143510451988,595.517782627987
GENE760,538.104963038144,594.856683684,422.013890139253,577.715017167391
GENE761,548.72645534533,483.969221958995,546.109461117959,424.132877158656
GENE762,866.41494279274,384.744040169846,879.837263797394,463.918123502523
GENE763,709.924956629153,547.48193372403,555.478070961528,645.015788763358
GENE764,702.203451144467,914.073119414244,585.597183542919,446.085952675935
GENE765,575.213872632911,418.914926424877,286.667547163664,602.725191777389
GENE766,524.202827386619,522.056230106095,625.559263136067,637.860820970787
GENE767,638.380544666477,458.165629405526,537.548766893412,694.151830289274
GENE768,529.179209022976,759.78862375837,528.563208809132,608.18304832626
GENE769,609.341640122675,605.690789714481,589.189515666511,351.229362457995
GENE770,484.408137986915,650.626320993229,498.626814217797,510.88765413844
GENE771,458.970194814735,533.818610288647,756.10082905539,663.134373894655
GENE772,647.888294594522,825.268697077205,752.180852770098,367.974262242747
GENE773,501.678589944087,725.661501294225,244.032804597982,648.592723942738
GENE774,624.106826199163,466.90601579145,430.894230100059,608.779966988308
GENE775,647.115188737185,530.922408736044,441.630254088322,664.522043882571
GENE776,550.002206067477,653.433643798674,342.589042692854,739.50005019043
GENE777,484.14939896169,759.077097596445,725.958426179943,460.485417970536
GENE778,703.788917843308,637.123306989599,613.919298565656,653.599137794228
GENE779,515.61205996608,622.392081398244,337.947637737534,576.047028427641
GENE780,489.454410665618,322.696001653195,406.029483927243,562.824076870439
GENE781,662.454360243146,334.105438784251,459.015571186966,541.414327120788
GENE782,751.36980704225,463.631161842705,660.762972508622,498.651739418489
GENE783,330.753567023724,318.913906344746,342.083005247358,463.28561902841
GENE784,210.080208990297,610.780288817297,653.190936837586,415.184849212595
GENE785,746.984995261864,417.526211409969,525.762080790112,433.623179197398
GENE786,354.295102914014,447.275305099827,603.823201953892,493.020591161897
GENE787,522.09312029381,609.141244865198,796.369326565664,645.294233016562
GENE788,743.176277239213,529.818007836813,313.392607084072,818.207537729638
GENE789,508.512538857371,612.987498026011,748.871087837123,953.563886802411
GENE790,645.26809221082,509.091855178422,395.369559959061,386.620740097267
GENE791,474.37723770998,558.889547110148,541.861365932273,426.681378214665
GENE792,607.260163857616,408.075754310694,649.087866811426,821.558496753358
GENE793,512.522355002461,325.141743914789,628.492724384342,585.603768706817
GENE794,574.412461689294,385.629876547133,565.308724694209,623.010209163174
GENE795,585.803763842533,485.973118918331,636.30332017354,625.3670961544
GENE796,561.422754391043,594.916143572672,620.53289414277,513.456570921624
GENE797,577.641321075439,318.875897542312,504.078365600724,399.317673892093
GENE798,577.732627346004,435.987400006738,579.605206484437,617.500888172334
GENE799,557.814261818953,486.526389120612,487.155944684445,557.149613537768
GENE800,424.593085987899,661.961563841219,625.929829199633,361.915709488932
GENE801,332.325961931433,351.997420479607,673.762174768713,903.998306762375
GENE802,428.854261753608,589.974481735734,464.476874573397,760.072830529686
GENE803,448.027967997625,433.247930528011,410.417691181706,890.271360532146
GENE804,405.401293051701,575.745673113188,678.152861397826,605.220910447071
GENE805,530.103602868854,599.848914902868,561.146492061951,447.918961273126
GENE806,657.092998413418,529.448449975603,449.154556232574,611.12674928731
GENE807,719.595668868535,348.438159794106,641.630755810967,698.818506652047
GENE808,675.712982337195,581.494878685985,630.189000939969,791.526555336841
GENE809,632.932148108868,416.298222308149,396.492567847797,491.649532168179
GENE810,806.329922183582,513.475098004682,432.728631305004,610.723727775148
GENE811,635.299856011205,454.56573974771,469.594054834104,611.855947388419
GENE812,636.582501748886,692.147446080291,605.30169112637,470.038169270564
GENE813,615.84484493936,294.600733829376,647.005070435225,751.736486279366
GENE814,757.229209372712,634.498949069086,627.189447030009,339.711507614507
GENE815,628.01253685662,452.010631416579,434.723063819067,555.182754958925
GENE816,638.35664863861,654.041796250389,712.450598969195,516.91124414281
GENE817,453.674895771364,448.254411505227,508.375912384153,594.492689537542
GENE818,254.244856572905,576.954220076156,341.000655738828,562.205131579601
GENE819,523.214077294688,677.214526989927,642.844946974589,530.34102955462
GENE820,850.980027126319,551.50223905301,711.605569277928,435.198626001954
GENE821,748.8143639987,474.631440160333,565.910177586688,464.131585996033
GENE822,648.62209950348,593.047312376022,747.140511064501,451.2626615066
GENE823,663.674898088615,492.653761913612,331.310235695873,600.986787311014
GENE824,696.11653558105,338.285362638719,618.553735334326,467.72466154181
GENE825,551.412212518023,749.270704222271,604.862006190844,620.787932561978
GENE826,391.760795612163,683.964659144941,452.160739059795,656.141730080525
GENE827,592.553881272831,661.65736005271,620.960785631797,529.200143250247
GENE828,686.913416048087,520.5694236214,543.717289590686,583.138234086034
GENE829,471.218310746523,684.272992082584,419.973172265907,609.965840373607
GENE830,578.098719732779,462.456240436281,414.012041001887,605.375694277769
GENE831,607.121192091805,518.664041610976,471.512393888868,189.912451724411
GENE832,595.217655521915,403.622993601096,328.510854971957,817.225520975545
GENE833,543.003871126914,617.810657102096,682.078022620906,412.882946957753
GENE834,539.740121924625,560.602918309451,450.289711986801,623.903114567614
GENE835,567.464189310143,467.094466275546,655.744014103257,479.555714477207
GENE836,548.035811003978,777.516660967213,337.582351503049,525.186968816058
GENE837,504.322471185669,619.180264275419,556.800909732184,743.213423676025
GENE838,517.222171489136,841.961063502246,630.433696050318,591.136365776054
GENE839,525.904554927884,437.807639188296,494.957538000323,442.45350087487
GENE840,600.152810336598,264.229401673081,432.598211341859,825.536633530596
GENE841,485.279783737566,666.092434176973,568.283675821834,575.631599839241
GENE842,557.915490130666,567.812133766589,500.355086773399,462.387792114021
GENE843,368.546082931333,398.319221409976,498.311025258042,549.652631777889
GENE844,721.984141147711,540.141187395016,744.2454664909,578.176755985292
GENE845,490.064596973212,803.156756485622,580.52471491807,310.549663460365
GENE846,639.728084380692,555.632301053773,458.673825492298,597.254197282075
GENE847,641.883409647182,374.724138585194,550.12279905046,594.797819621862
GENE848,765.265348390743,330.223229981068,402.226763050785,587.921648643577
GENE849,462.233595690812,360.310571731296,635.75757604573,496.384686674514
GENE850,630.379292386041,490.500535610861,749.211741573519,586.702040528422
GENE851,764.531656554407,616.335579170431,634.770132618084,611.314867789652
GENE852,611.078623910574,435.208563994128,497.444894463368,749.687255426147
GENE853,702.213326225627,514.00815834981,379.673674407957,684.411819442465
GENE854,365.152585863243,469.319393724623,562.913557400638,576.0417683356
GENE855,632.100421112178,408.137039200599,617.51135533194,478.612823874384
GENE856,631.445706744465,585.333528709248,788.014140194925,587.23805804168
GENE857,720.671094663887,551.297659386135,570.120551726521,447.037401838535
GENE858,574.45597772462,573.742004570712,473.568687176463,300.847963010149
GENE859,285.835067420008,644.578963681967,650.123224086092,763.859897919619
GENE860,290.039488704081,409.447257368705,493.78029939961,388.407282620223
GENE861,513.908228115016,674.674176098991,505.108347341402,571.784859037982
GENE862,654.166500134694,506.203540701429,279.899598480843,476.026074653711
GENE863,612.224730718855,309.017904238322,644.748820761052,531.21247754363
GENE864,477.340546812798,341.062797257597,577.372606507393,600.655477041992
GENE865,531.408472138571,503.68750695569,358.04104905856,315.603885935895
GENE866,388.07224823975,736.505699589341,592.543126295942,418.834745374702
GENE867,612.976500012042,527.252905996081,582.899379189264,601.677291667551
GENE868,534.564316418191,688.520412782061,428.291618752006,670.042136512252
GENE869,609.908209940427,675.892551940617,390.085086249965,656.350633024358
GENE870,428.379068831282,542.476030891738,517.955373771172,435.632247253814
GENE871,587.730586277521,574.461356087392,460.456413398959,547.277999460923
GENE872,802.288636546474,447.645720094786,733.463237561798,429.879094489104
GENE873,377.052240701963,604.111752137622,598.780596221772,282.136397087642
GENE874,418.594646951182,450.373514247769,668.41650146943,517.593362260397
GENE875,588.411574969667,547.011640806605,728.986161864749,562.059885046816
GENE876,649.641745561809,530.040693078624,599.053985916603,575.782313189552
GENE877,898.396747353713,709.732367754753,545.380255952378,618.323083952519
GENE878,478.457536547965,804.273137404468,689.534160313213,360.687796951075
GENE879,580.652302590771,687.769967708589,512.226600876449,519.335662003875
GENE880,356.656752426276,693.86361894356,599.511171077356,678.11990851091
GENE881,503.861643957883,571.476949328355,504.460301325304,390.909755176425
GENE882,526.22601327659,566.914361387914,457.965430351924,435.099063092007
GENE883,559.474748905967,561.34384083781,615.171349497632,472.910790512453
GENE884,485.854122561014,337.230129274081,665.326270130341,586.216111849778
GENE885,621.351929693534,453.66105058568,421.454823063479,633.492955916955
GENE886,471.310141461639,538.642505183069,376.993464733117,580.700965872444
GENE887,297.269659226022,322.002322266187,562.203693925961,546.098429663602
GENE888,707.014454030705,856.701933582315,593.024674688074,595.770332868989
GENE889,506.034276068058,385.719719026159,573.519885222831,614.074024733216
GENE890,499.288677075806,520.189486789087,793.053987502901,703.084375992543
GENE891,136.860878691551,852.009993776045,623.731049824028,450.400726310272
GENE892,570.477307749206,518.227274191737,628.959597195704,571.273353870449
GENE893,401.594766446943,195.651574760272,505.41797415873,568.794361156983
GENE894,299.202971953494,411.585123406611,460.024376180232,260.445358615946
GENE895,888.342212002312,654.490509042081,540.158475091283,455.967982826894
GENE896,526.769961897573,461.581112848883,783.523327747936,528.851330033023
GENE897,650.27262366177,729.492214115635,479.593358262528,257.880886073182
GENE898,829.792923699494,722.482045810254,474.868834932274,761.006388680321
GENE899,525.723445466017,678.676353286382,436.511586792146,571.649182396359
GENE900,561.168711792293,289.383665893978,587.981945646877,362.028438303877
GENE901,599.285542117762,473.222938418781,440.07377205618,541.89003384827
GENE902,636.269471209334,680.43718676064,441.996960590513,639.12417051762
GENE903,475.629241182708,507.485691243331,810.585712921255,395.071916349287
GENE904,652.528215000775,610.102699692987,524.240700841376,538.046107923872
GENE905,588.467627261302,512.781649086176,665.659941776212,567.13665235707
GENE906,446.089662327178,564.399222127074,486.658435960702,432.253644099644
GENE907,492.683619472829,429.870506988527,746.128112853968,598.31860382081
GENE908,452.097961606492,449.137920944175,668.25043178242,427.133154894133
GENE909,555.836522461362,651.72091382071,689.439776534428,658.824497413211
GENE910,343.365155304763,508.939409167066,847.192691076463,698.040488520005
GENE911,712.903013771056,497.878920153007,760.76521711091,331.872812112483
GENE912,819.613294529218,479.642812678664,436.807964246023,533.605072039574
GENE913,608.239974902081,765.297703582118,742.982096818856,715.252103804728
GENE914,597.703051198737,336.013786536858,684.024240016085,552.922750822616
GENE915,486.98874549351,611.706166916594,721.213351950747,748.631171550236
GENE916,416.363402116593,499.334429483946,629.878379592016,868.42840725051
GENE917,822.940025378068,602.233233953602,486.8536884965,450.046710967219
GENE918,605.441823112116,831.153631316907,514.751981214556,419.424017290741
GENE919,369.937711702066,598.011463715484,511.123267736148,453.255219653283
GENE920,427.87893892406,550.048989014687,709.671743586845,601.450685749729
GENE921,485.488265183087,723.718435899038,550.79194942862,719.415979742701
GENE922,546.065795363606,832.554046996324,663.976374724048,512.672140258629
GENE923,618.444641558059,593.359809925615,672.692651790956,580.992489735754
GENE924,569.885341962343,510.472237556093,411.035752131706,350.563326111344
GENE925,559.775599536995,381.758557508472,708.568170163319,399.607658148171
GENE926,366.476350736517,523.233307703406,794.480777227948,274.18352656321
GENE927,666.68185883186,587.774026787327,463.178866642354,468.41647268602
GENE928,594.622091680198,608.954786722943,432.607431337732,517.460175818254
GENE929,364.089070564071,449.546431055766,639.505015671697,603.057341288622
GENE930,382.233393569801,540.897591700124,569.469162836969,308.477998849685
GENE931,678.119260923413,371.323315061167,316.177694123267,418.655702840224
GENE932,761.403757473858,477.212868398901,499.212773565156,813.879479480697
GENE933,545.214537355961,382.143076177461,849.835727001655,544.392736211527
GENE934,293.689909820317,714.251796058034,592.227176893151,468.662162787232
GENE935,420.534195500272,472.048307520345,589.545259872105,424.432075734795
GENE936,733.70226915738,639.975575272377,337.641447469776,532.67697298848
GENE937,787.008505301927,274.107145037642,533.654093402189,502.944978321226
GENE938,562.06011713802,499.846418130467,571.796606522352,573.168284888852
GENE939,663.637902479405,599.805951294373,577.344413394204,759.140177051284
GENE940,520.825898983655,916.342180112909,292.763013600469,574.647540965985
GENE941,617.088707779576,575.971314783035,661.349892084703,837.883723397253
GENE942,650.58023846964,476.500295176107,486.19214397745,528.851712038517
GENE943,543.405710774999,324.059577421506,663.835096576779,479.775586328683
GENE944,768.317769024461,602.478285889054,451.734493807837,546.20095320673
GENE945,719.785274944427,577.598812781085,528.61466037807,842.544610205422
GENE946,695.12771174886,684.848786632282,687.671149213535,636.784843812268
GENE947,658.777143418275,322.824686353805,594.836938999518,540.255787756855
GENE948,861.366949635381,697.921246109592,531.642889591618,425.479017969772
GENE949,587.914309280424,643.903072744674,258.929873230533,441.599057516737
GENE950,582.222150136454,445.549656297587,615.617414203499,992.621850052157
GENE951,591.534149786425,811.818774516133,563.827930525792,733.410003525343
GENE952,791.959163081614,286.158874774269,489.819790625725,801.326312642326
GENE953,327.965101253662,428.935002761143,686.045954403415,551.96234586161
GENE954,604.880628541372,616.847516595138,390.998843768537,763.924321223543
GENE955,663.764109993488,677.021942513487,289.734995236435,229.891736189625
GENE956,601.146086055129,606.051341373655,535.332054473867,704.596862681514
GENE957,462.602242772912,425.333639800013,875.06384956525,793.407754569201
GENE958,787.385906855366,544.226999946553,648.079098134327,663.852139549186
GENE959,585.72132264544,518.179278813106,594.801076914991,404.356975087797
GENE960,545.658389831804,644.385152775127,612.052336447824,540.263256960303
GENE961,628.463328493591,654.034219546636,348.304932789808,358.674697419749
GENE962,511.577895984834,507.796312531141,662.686195620083,642.463183825094
GENE963,686.737911562793,566.777943947027,387.27892678715,461.103910592635
GENE964,456.049934123541,581.123796148363,345.351003876534,501.788128213881
GENE965,687.76211885076,576.906811919906,636.801168887429,438.266594391607
GENE966,844.085653499632,525.574967361515,289.260049192123,528.841799870879
GENE967,514.476510421591,681.312449341835,866.410364923561,529.102537597925
GENE968,826.423390026026,713.55341382091,686.19311979188,447.531697408308
GENE969,704.39028895102,634.070850267427,720.526594727346,570.8201995463
GENE970,587.717499021786,578.128471492631,491.656278600932,514.787466825147
GENE971,721.060275242059,628.320069173737,450.24112773911,547.153956865238
GENE972,316.318437360257,514.8780914853,527.369031375148,517.993462094706
GENE973,545.654046661857,343.810571851724,728.012873876122,605.725881099093
GENE974,472.592882127421,536.255283545875,628.635154639356,669.777520538758
GENE975,566.510253171044,670.184284360313,536.893181828357,409.468406097682
GENE976,634.944328091196,356.845703335375,657.130423952209,640.68558686771
GENE977,752.548420729401,574.898800899487,492.031016761114,737.020828333222
GENE978,822.773328064366,276.733614900758,645.104604541328,597.934849096617
GENE979,673.441009925268,498.907409235799,334.553776913228,489.480372731138
GENE980,536.937160403956,663.414354905805,453.210043909109,634.493514770794
GENE981,393.875247141152,562.22955943717,631.120231803571,532.293919740031
GENE982,516.903373246849,589.982193346646,526.569396449642,545.562342425308
GENE983,594.984969110698,513.865988030069,411.973116033372,409.621327065539
GENE984,519.135403722014,799.706488273103,656.501956216523,638.556255986777
GENE985,585.748672149737,383.682246846737,737.692452992249,791.913205903161
GENE986,563.014419062653,623.249631772541,517.185907635647,768.890483565697
GENE987,585.535495128955,619.962398693925,626.38717481085,578.157675093891
GENE988,579.237460228552,440.569670628734,681.250269773012,491.918886664816
GENE989,570.151194026066,532.532604272198,580.947134709253,679.125756876806
GENE990,671.812029505023,595.972603471586,607.736960991593,716.915245158093
GENE991,491.404654462665,330.945069333478,657.329452684679,954.991856320811
GENE992,504.376478208468,549.480464719188,721.363622026591,549.941994906055
GENE993,525.228571649611,567.972396189601,639.392741391532,656.53666737905
GENE994,632.11652365238,596.664303869152,488.522656253017,584.356596061267
GENE995,457.537777210831,592.615666074741,692.827812007648,529.337521712773
GENE996,697.570355281475,328.107866223701,703.6304191931,509.663198260146
GENE997,554.479924371335,448.562373572427,727.530742544448,555.099706925487
GENE998,830.547747985367,361.322295958991,617.195623611043,724.295991920061
GENE999,509.51197544015,743.452582543471,726.933485180961,554.930544282826
GENE1000,481.493446896565,617.825010751186,487.167686462992,551.889726149749
