Genes,C2_a,C2_b,C2_c,C2_d
GENE1,482.037661234161,576.897003202275,727.735467322529,667.40954414139
GENE2,802.886548681658,702.195747672994,762.69002339103,763.335199205868
GENE3,972.767005873794,743.020973779041,796.027273948122,502.040156107916
GENE4,974.769532386523,772.736001276303,866.534268474279,960.811582462422
GENE5,976.92374997539,581.590129025139,613.652315826576,717.325437944312
GENE6,782.844497717816,473.808990812809,887.923361104368,868.573869368794
GENE7,780.82038343052,659.491280509401,853.888496367985,714.931986145577
GENE8,722.187679980876,672.354839305043,492.305173198232,842.662558698511
GENE9,738.022415929654,940.723407386549,657.119610024653,616.620935807336
GENE10,701.630958623778,650.926639013463,927.117244559596,785.22752793384
GENE11,751.733151082424,718.770657256986,476.728656376503,816.365695136254
GENE12,755.599595181439,979.06855549351,991.782687035896,835.464177250107
GENE13,623.662427980596,624.217520939248,1090.74018783437,850.118994944853
GENE14,896.550403941435,652.78294594452,883.342750895813,611.934144919079
GENE15,453.160005709736,615.610596957903,838.933007386363,844.626670496225
GENE16,739.744244675042,744.596900851078,861.73541532075,772.504953321019
GENE17,878.418095724938,791.278514675855,699.534322436783,776.121549812662
GENE18,752.769030993512,644.624099367318,648.930515335503,692.069089359689
GENE19,633.99851180266,492.585172413368,674.768296551868,505.537257131327
GENE20,764.424808984825,291.534062067336,843.339575926944,422.387940669977
GENE21,797.276652002449,677.378698852066,753.678280614087,729.342287186106
GENE22,836.35785673391,769.732550087126,453.570630907162,860.483621943772
GENE23,654.807812516459,867.599153199176,830.455717148795,984.069447853213
GENE24,473.355193240908,531.777885371788,672.482990813588,598.856294432316
GENE25,775.17569351718,626.217827948121,584.701883503248,787.037730786213
GENE26,802.361103402687,531.291233533653,647.7368321442,445.791219922093
GENE27,498.279696945747,517.388966626446,720.503196319579,698.157070070129
GENE28,660.958852376714,760.529836000325,397.180948886185,989.542664132109
GENE29,650.570347713238,652.947979839165,611.154786324803,700.76567507957
GENE30,783.552960020199,853.751328328137,950.770282931002,746.463448490237
GENE31,670.432899986278,867.503984493656,547.300773412703,886.772318508273
GENE32,701.884984241789,650.865650870758,657.370857328072,811.706779289368
GENE33,732.099088871514,578.575867763017,535.104832163527,704.853335205959
GENE34,693.285526761503,727.829114667325,591.252319003071,426.275781693658
GENE35,855.862454909402,680.106550641545,709.920030930706,972.255859345016
GENE36,642.123212094389,958.225048415702,807.774977240975,1110.59766706857
GENE37,637.26239130356,691.565529643977,768.963967356846,626.063496146125
GENE38,719.297983544211,1008.62730289687,725.722386959988,675.766798653885
GENE39,840.76833573551,848.840454468725,537.683044520001,518.918774316286
GENE40,922.200762472461,685.295017037644,587.983952829042,807.505120324148
GENE41,455.348084289771,724.170878334916,559.68887538589,630.125144511357
GENE42,475.559829400167,675.961757918215,768.27963654508,752.508551535379
GENE43,1013.40371637177,659.245448675949,1044.54456986026,397.617349102147
GENE44,978.073851862445,901.127436055285,688.652238448445,525.413228840223
GENE45,876.755423093969,622.88610487,603.538296930786,681.647794843421
GENE46,799.962402706575,898.679420144854,1097.98969817222,836.767568906912
GENE47,756.821271294543,667.627374641413,846.919856899801,729.764254713036
GENE48,643.881152071959,965.84469313591,773.998900773359,415.721852464164
GENE49,765.940910290101,1067.20253747486,821.57381832756,696.247517086291
GENE50,664.154529932644,700.931702165536,399.414153755171,522.758448957228
GENE51,534.083186185499,609.760544266049,650.287784355094,566.148612806689
GENE52,640.913883673976,649.12389505449,609.24024547647,861.658762026148
GENE53,887.274625629656,568.399122985823,606.41304987805,709.565378439533
GENE54,665.990644726604,855.287088610119,736.454581606734,871.840322045451
GENE55,1020.64264514162,540.862555912847,795.438073427877,780.800236279677
GENE56,783.736993904086,650.74605812237,759.090707145553,434.507488036746
GENE57,523.268476346959,645.839269543897,654.916412851441,694.383116607044
GENE58,662.510885046538,843.577813670887,770.467716177267,501.653971465689
GENE59,724.16480990877,517.457899899609,800.240756156888,570.452926737139
GENE60,554.661521148245,787.824891875206,681.343349489938,524.516550128041
GENE61,712.680720856231,734.311482492367,805.59513265502,660.305927172993
GENE62,364.323792654027,753.977295919507,564.457770782038,618.019071357388
GENE63,493.011247744145,635.606252445484,458.133492894739,479.795671077385
GENE64,594.900934953511,994.581582690239,771.382917881758,646.016532073123
GENE65,787.52110643108,661.969657666227,699.320670707042,594.465009973522
GENE66,635.613655772769,933.139837500751,665.75160575795,918.507878874052
GENE67,767.080625109528,797.759854176256,791.616025705493,712.891537752672
GENE68,780.028396207471,474.907256084694,487.856768589665,645.906840258248
GENE69,742.309560211508,873.21811756834,609.955237339574,513.148620053246
GENE70,793.075453886242,676.201528131954,761.091247955097,877.220932569062
GENE71,734.509685572382,719.162764930749,910.276083156118,757.251069553447
GENE72,754.630241925831,702.600089346746,780.398151995332,616.859889509866
GENE73,432.098938874791,443.872531325917,753.465088056605,729.49343201804
GENE74,836.464320909561,658.749077392459,760.604213835827,577.852432353434
GENE75,897.529147754656,614.066048924181,1051.36649997273,996.196333787193
GENE76,631.079951001614,885.150076320133,462.019707053886,743.899568195339
GENE77,666.769076106687,683.735070819501,729.676747512444,637.216669320475
GENE78,782.945087384461,881.758645124161,533.52104481773,350.111000442342
GENE79,718.791292867567,629.909916732345,765.542003599548,726.977412473734
GENE80,1001.83175258334,678.3925094254,631.356702175773,789.694721946021
GENE81,996.878177784503,453.339862104314,656.864177933852,756.944539867685
GENE82,825.951457282666,658.716597928592,587.591023951681,670.159881460005
GENE83,779.877895359233,913.368973222114,730.794080314127,557.627521487359
GENE84,745.344669588756,474.862794375071,635.665128530071,557.116247765274
GENE85,847.796709900466,675.737521643319,605.126260518179,958.390029622406
GENE86,666.069925243161,717.721689431662,738.434599598041,905.663879141218
GENE87,998.55156065519,657.195602367978,668.74930067886,687.429182769552
GENE88,846.354932203659,484.962228846562,412.066875195129,674.475334467852
GENE89,741.75172147949,704.604442246117,672.476146042852,808.851979884734
GENE90,819.741298588217,539.085839843612,726.582416234993,635.038132265121
GENE91,798.704396479654,723.584586496067,578.219819927202,768.503348213425
GENE92,593.295900825877,978.233633288661,492.375442345177,703.889031808678
GENE93,623.867365428632,853.917397052027,1145.96929386284,834.039947666799
GENE94,782.172601111913,695.987925712884,591.590715625904,635.253618770105
GENE95,954.105801462067,580.338226478317,769.664874963055,808.490410640416
GENE96,405.100064242011,556.90320419254,1124.69500376261,539.074393585996
GENE97,765.007079189499,876.994810108321,825.46011689769,481.346015183963
GENE98,696.71412237512,592.175733974607,617.784755511572,775.771717287188
GENE99,584.198806113409,705.561267330995,839.884527977716,980.386077123304
GENE100,921.043888511944,476.862665467419,695.324931177225,988.159558713452
GENE101,763.033574963277,695.228659745446,771.670118435713,753.227831712728
GENE102,516.330399472587,691.205182407352,676.842166816153,878.678064311287
GENE103,791.687127276429,811.60031908892,735.87019573175,622.942448448682
GENE104,669.246236812552,780.076756716371,405.178111917027,565.639197394523
GENE105,925.134200450772,582.381449466957,612.014778712316,535.783922826895
GENE106,813.211879958324,886.937842838335,996.694368451966,730.483502696439
GENE107,602.870615570732,988.228979491039,910.104177223397,660.581028222998
GENE108,622.799064752584,1068.9459753733,625.26668235498,836.479448585267
GENE109,833.336844240511,672.768651898279,711.78032475295,678.121854839094
GENE110,625.495908550737,770.332800766351,936.241450157981,718.074473918515
GENE111,577.310847334272,649.937564584134,852.28284156092,679.658686123553
GENE112,757.127119885367,689.928798302539,777.374641480771,894.171643473391
GENE113,697.234576280143,475.553448838939,741.224711385179,779.818815956734
GENE114,406.020292316965,759.534053770198,784.185269908102,725.886359129884
GENE115,734.332291288461,548.400067286308,863.18841704638,886.52116234078
GENE116,590.453521516568,786.161790527596,730.74641683076,697.733513767749
GENE117,680.110644123985,744.521672245512,584.591033408745,1215.92479293856
GENE118,747.176726042834,636.850371546796,592.248265926161,875.822606865913
GENE119,815.410526349145,818.604279785966,869.761027069974,853.412717024431
GENE120,587.592485995887,661.164322628056,953.398758687036,571.25135674994
GENE121,693.731893727893,931.617141388258,810.897130961317,793.974643494107
GENE122,764.786920334239,771.3540742553,624.500487451055,1035.01620985356
GENE123,855.049572941768,640.325886132487,644.143282739904,819.767223660349
GENE124,741.40223272089,766.851331464329,820.108957809092,905.59327685159
GENE125,829.831825547827,457.264799210755,737.971806361945,844.868720073853
GENE126,708.783263399568,733.317886756417,453.509079050369,798.545951780535
GENE127,952.593042421063,654.196988697905,676.736202855487,630.667296397186
GENE128,482.891893295486,892.929352976987,681.767708610407,711.011352361838
GENE129,657.712497452909,841.59173063725,733.284805486299,713.852661575127
GENE130,663.797449672137,773.28179224755,533.431156418671,936.16806552542
GENE131,896.437048022572,450.917814799994,658.527051416829,927.10417969142
GENE132,783.918229577364,922.153456294158,549.304336449626,880.280850582603
GENE133,694.018648336034,692.786878329506,948.294598076343,934.780389897948
GENE134,857.602332756264,849.928622405962,468.534495000159,277.925820874549
GENE135,535.892742060535,907.623773851473,889.902540033693,631.439178345601
GENE136,737.502382472399,679.287061104483,600.475711516585,772.368462257145
GENE137,880.275543397206,721.428818145459,610.139604537638,469.363787920307
GENE138,747.859520311004,948.201116207608,352.570463695584,660.730864635252
GENE139,982.597002225296,750.23055945723,692.499138952496,671.178069003829
GENE140,685.714073496426,605.826694340913,834.788407740549,565.221540436867
GENE141,1123.4447927884,649.696546959656,849.291786741668,399.304262178253
GENE142,209.87171593551,396.102745340789,642.885508727332,628.836449588774
GENE143,883.186339495242,988.820699926267,891.186604576483,1064.87215212795
GENE144,857.228338071418,543.00933067756,655.475205121208,709.793173304845
GENE145,827.450230634428,547.357553708889,773.26924712319,892.457407421758
GENE146,844.646009645312,736.750422778519,671.74056682438,511.157191591612
GENE147,518.201604020938,475.187072719531,545.099809463963,639.838822092091
GENE148,537.659818247691,1206.2688047628,738.319214704064,435.248870004646
GENE149,778.429452035943,615.049087064503,512.842971880639,871.604340334414
GENE150,724.15120393027,402.505719266643,440.798558680762,717.971563544409
GENE151,921.205983176249,875.801018053001,718.942195946188,740.414092804978
GENE152,934.091461370409,762.045398085612,910.736099005199,666.685263389038
GENE153,927.011917846099,800.564579981629,720.011385618538,852.371444806636
GENE154,696.729495347787,697.046744264438,927.388366429622,786.666474941697
GENE155,547.368336523114,656.233747655445,709.47966607806,1006.63412637382
GENE156,559.420604077381,693.228102250927,786.407521038468,669.703510366798
GENE157,496.190700382245,776.617154100061,709.236794768368,548.846485939414
GENE158,573.483549972174,843.099084897514,838.744300541407,798.845103211211
GENE159,644.497085750415,801.144977962957,642.429058467405,804.92438879548
GENE160,937.143023816755,680.59954056095,614.919116800112,805.013637386708
GENE161,812.93279995865,649.350248694741,491.430434183771,849.881272023765
GENE162,784.369394353432,869.723838554562,563.777101265971,633.26977014766
GENE163,797.206423888149,759.741502942974,928.627048741442,762.653236345702
GENE164,802.341316489674,836.312922648822,566.953622875664,509.562109931098
GENE165,759.02796112543,485.325772058816,671.167730636563,644.262232740733
GENE166,651.008349183117,714.749464347917,576.984639077669,441.853385858309
GENE167,808.013065798692,691.182759960707,690.23330769833,854.276487093367
GENE168,460.152936957228,724.630672324289,668.846836241944,656.895118652052
GENE169,540.531270139036,710.338353930032,590.713571455452,293.572073140722
GENE170,933.201346519026,588.064895984778,736.819430208932,535.007420281567
GENE171,909.32001958608,818.160057301935,905.803039885998,600.42290899834
GENE172,844.390430629077,712.478183973657,704.158991932919,451.488838883528
GENE173,875.758817659558,790.341987384432,516.045764925141,775.680328906082
GENE174,474.567605194798,743.378196102049,642.328749914675,561.015431950696
GENE175,867.206342774793,661.030406427777,661.438760278417,922.03792863586
GENE176,468.278424411086,856.575596635647,813.950349314681,1044.06678749659
GENE177,565.948194849087,850.51600544264,515.420941738807,768.896252399578
GENE178,653.107983536544,458.777291646051,869.716071089955,751.384819000476
GENE179,519.150729976356,700.327500332647,477.648875693542,824.062837105704
GENE180,529.169089148987,746.157964584154,774.128187994718,743.505061083034
GENE181,825.988228351241,773.875497687567,791.12536530214,781.036411423234
GENE182,845.456370240886,776.310003149135,783.313586740881,929.085756553792
GENE183,514.558709426298,678.654900560986,641.429000544757,799.689884021523
GENE184,676.849282366636,696.256099434383,1014.51594797419,583.446906612472
GENE185,564.468450923651,632.409082096171,334.61285003577,778.059250246697
GENE186,673.998161921522,718.252218851886,570.528814470382,602.236141575958
GENE187,946.402259363802,956.140938002759,901.202403466168,868.764212308715
GENE188,547.144826541149,529.502524662009,678.92310974896,710.976787284908
GENE189,554.81053794816,516.907567867829,704.175550457135,959.739801920458
GENE190,441.720899961805,676.205897020183,872.715600157264,551.133319178312
GENE191,402.490002286442,602.65396230361,819.733680035071,817.124244133639
GENE192,728.359518424124,671.805630450639,734.150986110757,714.918392801238
GENE193,761.899379095646,978.924828810939,735.012371409982,880.162436003556
GENE194,751.954622260811,669.30091545048,778.9551863385,809.460053380841
GENE195,654.54616831325,630.395826958862,804.192025211312,660.955777828711
GENE196,740.792463966905,771.209195619178,731.938590891663,721.253829302609
GENE197,764.394182952574,753.378466550493,659.112483840156,566.506911933664
GENE198,609.730315248887,870.520690211041,775.898736633074,696.554553312547
GENE199,502.51331690463,765.611924870493,1042.16206163742,719.178831084034
GENE200,462.058224687814,553.44616146891,678.401225082002,827.640456820287
GENE201,868.694072926429,782.577116503445,862.724756317896,488.892452674737
GENE202,975.401152174243,684.561983296828,742.410652294637,693.994364108453
GENE203,792.540804572079,561.372727733367,653.481403226002,774.559527779095
GENE204,625.427644605946,779.679507627716,783.476273836996,767.97629573319
GENE205,894.377063407792,661.489677288973,605.384980895492,692.21084326369
GENE206,732.566768225358,761.675374648476,665.385600783107,874.653686880862
GENE207,447.542790527026,679.913324415852,741.551627751254,937.473739938179
GENE208,707.702157465775,599.037618396134,612.115746265262,713.179232547179
GENE209,869.336713515567,467.723387064303,883.322458018646,1012.22955903429
GENE210,668.745211107776,916.442750176345,685.208955547828,589.523748760742
GENE211,816.85776992355,693.192063613651,906.5031046176,807.065472755543
GENE212,657.572065487884,588.750349699346,538.706245177875,444.567608195602
GENE213,963.045168563602,832.603666990131,636.17767752908,658.853911410042
GENE214,713.355336204429,761.622463107715,734.37087518843,551.83479485729
GENE215,837.800868175266,772.918532716411,908.374907016887,654.213434035981
GENE216,445.733352921658,610.370144136861,611.619781390572,825.472724691605
GENE217,905.709717414981,833.128223178749,544.265769526541,844.468721199681
GENE218,783.928896551664,459.37288887932,492.12586604952,710.439569848317
GENE219,605.983844820194,663.324088653457,667.372228032634,787.164324995299
GENE220,891.972696730017,977.687359920534,858.302874456096,885.358908302363
GENE221,423.164078949533,749.889801491623,560.935230736073,879.994575591194
GENE222,865.573477045928,362.155026725747,664.476084841154,769.974344302532
GENE223,861.225412604294,619.663712301586,767.801103873449,694.823608366374
GENE224,736.171988700033,836.514064698489,721.725320193606,554.861683181466
GENE225,579.023963899134,766.937332187366,932.203632946885,680.40597076417
GENE226,661.025409345397,820.206435690456,635.925668729791,780.59857483737
GENE227,703.68763935301,577.239009158604,481.636085910268,690.535442415219
GENE228,686.512201596536,719.17870320372,562.594085039127,731.220892174122
GENE229,574.739040748962,797.087432570822,730.674851954151,894.451331212196
GENE230,734.667539812167,590.27786706331,879.703505775349,711.49988415884
GENE231,777.031808600569,675.627726674394,561.579563981216,461.031493883907
GENE232,491.407237272308,633.290730091288,681.279001210705,605.445239131451
GENE233,427.709792297577,671.34096707255,736.406855621726,764.838867070517
GENE234,562.533551163511,1042.62757040399,868.337712557627,883.521870309299
GENE235,843.439612079277,553.632840084338,675.770225449075,839.925316372591
GENE236,606.613814165615,434.379388221557,673.243985684421,832.652700912085
GENE237,603.286859074309,813.979399059263,744.240076270329,774.094348819337
GENE238,461.365262093852,547.239412376251,720.886519208521,705.454425877435
GENE239,802.374301829974,898.958737793548,752.120723733368,622.497064351439
GENE240,483.092786635112,373.803643310582,904.058101139485,804.811663561728
GENE241,805.038762836358,760.578402408301,772.543421904678,708.422643856245
GENE242,617.86478728564,462.890328154828,601.108206537234,703.90384967849
GENE243,609.59343375056,802.789252261102,575.666836546764,825.106185457662
GENE244,524.772568478018,741.705482009486,614.310516419796,815.993291843246
GENE245,826.760130082606,942.704294228781,512.911551625518,606.77828695914
GENE246,833.346944873319,824.74339439201,896.95115874046,637.882882082773
GENE247,903.515309997371,552.567185775987,891.721274283825,613.45803403749
GENE248,665.179682808293,767.06983632617,932.450475231638,412.815297566624
GENE249,760.820673512215,739.054972632587,739.710254026199,702.225387378718
GENE250,676.962006210089,440.737580634389,602.75432457782,695.429749816042
GENE251,847.670444911217,346.522192214899,730.252467112452,657.126544010521
GENE252,919.288574732289,623.73160498529,576.721682190429,777.806457703646
GENE253,546.262243592266,434.450956033919,328.203022519276,963.197963682562
GENE254,733.208483475354,818.329931074213,929.469855744986,956.909245700239
GENE255,858.054373924503,887.937267088457,895.516711560653,522.203555097381
GENE256,515.246782811307,799.683646446161,999.87275439357,461.304713108805
GENE257,726.486524573103,790.129199600914,1043.75511483627,721.553684803775
GENE258,561.243846134414,769.918039425791,651.673143908073,617.637440359082
GENE259,597.154868749624,816.746770969458,575.605594960476,794.851982076031
GENE260,769.168966186646,590.424562666263,727.689213341231,878.665626530084
GENE261,825.58626776427,753.604120260549,713.35169594926,730.389904117153
GENE262,776.13721262747,527.519443896225,896.364448776235,626.983991406828
GENE263,728.367133400548,678.715745953642,762.659329535156,560.273845787254
GENE264,925.618222077673,868.732723268867,615.673482423401,669.817931856637
GENE265,806.442529923765,792.649333951046,753.544090665479,944.843342196609
GENE266,619.732460844284,534.730557971779,779.407909111061,615.711067863529
GENE267,887.890466320815,448.01196848949,462.391240183647,685.336548096576
GENE268,404.004739310943,740.131472147827,733.100892592147,645.083799003421
GENE269,682.470594347479,823.933165334296,597.526236061793,783.557745141409
GENE270,1017.07732238113,1096.50582803429,517.451193279071,808.360719141635
GENE271,1099.04470490481,699.89541026437,676.262622847408,802.204101445991
GENE272,959.154514290924,752.611137422978,606.083386093461,855.613372683414
GENE273,577.148514608496,672.398780362075,594.210564464442,440.123711788396
GENE274,816.244873034954,517.878547664575,982.489499073969,777.732082767489
GENE275,586.226205148286,638.231579475017,292.53068135426,920.532459853506
GENE276,775.019365843768,977.347114289529,614.026054583801,781.083657098695
GENE277,820.657318750867,599.539044656883,948.437941914472,605.200550760021
GENE278,733.131530203176,1021.28269289846,565.560862996306,992.024260972903
GENE279,757.492356751564,660.182279347585,734.60672189437,916.586365974459
GENE280,808.505666418074,772.429164197333,773.569350739061,747.264859172662
GENE281,697.313420229172,1281.25356961766,599.844544997371,700.485984311262
GENE282,638.195005194655,532.36962375091,623.61244113523,671.946379073049
GENE283,537.73382437963,746.973120092878,651.098118883727,620.341185088621
GENE284,764.113970618341,544.523790539864,474.812563428958,689.818124152955
GENE285,712.730924818157,739.219176674827,644.976415200825,391.009024615915
GENE286,747.0405927967,809.327666019155,843.742132419203,617.256687552777
GENE287,723.696813380584,884.314458555441,902.86835976563,923.433567389117
GENE288,828.159936009826,913.001021561145,923.996107957905,991.107775603187
GENE289,644.795538730367,530.087739556833,547.425400729133,780.352470816984
GENE290,794.668620231504,750.104667978465,934.873172640441,617.774015160214
GENE291,1119.02211493203,824.971347132483,531.815104122574,842.03105760199
GENE292,445.736444984337,914.747611357892,595.98546049409,588.061405284586
GENE293,665.216085729919,871.428283739805,352.38216034282,413.639954386435
GENE294,844.694356969829,952.997054803096,847.842998475239,706.690762700379
GENE295,469.587763557319,529.260654460985,804.000698264844,1187.99330471976
GENE296,548.113449903861,831.218358852553,691.468517903102,869.248268114826
GENE297,502.360617603266,639.030209678328,940.188163207725,653.224224477438
GENE298,962.131511437768,531.078378425669,617.543003865814,800.793060364182
GENE299,698.994253435012,818.078923512695,707.497287273679,878.270104171142
GENE300,698.275575896491,964.479813673016,889.903973093764,861.80735822027
GENE301,612.540427995505,875.421779175259,594.19228350074,562.113377243874
GENE302,533.875004071818,702.465155910477,863.903113041249,441.420640135524
GENE303,677.951454890247,671.575674083619,599.672958915289,727.512570650515
GENE304,547.473387794109,820.697561889543,759.34621781223,731.569929070335
GENE305,687.118454315086,522.059427710922,622.059666124311,708.293239538585
GENE306,689.133268767401,920.444524376691,804.609026299118,894.496657647316
GENE307,791.260517176602,541.522223254006,524.309601766588,547.21056216303
GENE308,611.84632507527,953.163670061774,662.341963732276,850.250878742479
GENE309,643.425313365705,597.114916416287,755.532036134452,467.775619911154
GENE310,786.612109525124,921.743324739713,567.064086414257,668.843534008486
GENE311,663.748511385799,696.471867669423,872.537528315113,740.742112499094
GENE312,495.627616692649,805.922425591113,676.953028815757,873.172200026616
GENE313,516.147316360709,699.67573062515,832.592127082257,827.058776249679
GENE314,686.490542738494,676.031531124308,870.639255440194,703.695685065594
GENE315,589.422346595029,604.140421302273,703.695444932267,864.481364845757
GENE316,674.220832530185,749.351790429851,860.458699153202,839.329544752566
GENE317,742.432656201018,922.958399499719,695.379090469627,714.204240539252
GENE318,611.123342004955,936.04854747612,692.23035448285,1006.28733695918
GENE319,872.712887867407,989.625348355475,803.831110413754,672.402647566629
GENE320,740.879108949145,647.736542493009,800.235329223148,501.219911282272
GENE321,530.467245750928,700.173155750142,773.600136529276,916.756915231601
GENE322,768.138384951876,830.376670922029,588.357088396544,601.580150272704
GENE323,855.16593320139,636.142891044062,686.870106615747,431.450238152173
GENE324,461.573328449919,596.405161592842,685.040490230827,743.281297025988
GENE325,833.085694343617,642.186959277162,659.445523657619,829.177923250211
GENE326,763.897427875234,420.573570234607,602.112604973667,802.417358674206
GENE327,797.387114800501,705.104249446134,451.999148250251,820.494502268582
GENE328,919.919283715535,678.670372948103,708.389976100254,365.611789192446
GENE329,743.806918209033,555.846271935935,614.735411048067,607.859708923657
GENE330,832.037646292163,609.583585083911,697.575887621516,795.291378987008
GENE331,683.266600894241,772.000653788667,868.985820255452,724.191304954808
GENE332,530.985449090172,677.353792656999,456.224007485189,790.362501682023
GENE333,697.228827661585,791.982903113825,742.512577895732,770.311839676148
GENE334,478.527924079496,634.227117662833,545.840568891475,617.270210937507
GENE335,804.237063948167,764.649573599481,742.554708937313,776.853045519383
GENE336,680.509013915603,932.078929058204,1008.04620145994,645.456035562289
GENE337,586.518783870653,568.819968304215,693.488192314519,743.571404782133
GENE338,559.56737261963,723.984720042899,726.826658492697,750.929560693587
GENE339,668.354508922979,764.869834972351,904.898944874088,842.595105760647
GENE340,710.100701507336,662.920327882271,742.922412775858,744.455693071209
GENE341,747.110243031854,662.436014910083,642.950344156413,877.259487985465
GENE342,1033.71288133258,1093.20234485391,845.049266025021,899.104576271402
GENE343,740.458665763527,706.003982494464,680.003546148031,938.450036366212
GENE344,479.10034786822,731.435626325255,678.088469346281,479.670503679277
GENE345,908.426136168758,617.806722367681,776.004389371994,854.530748456441
GENE346,632.593425700586,367.800075209856,1102.70889641004,821.502824305574
GENE347,810.440254176527,831.252478884445,763.110188670558,1167.78299778202
GENE348,605.168812736687,657.615856262384,809.218758993084,977.992706407702
GENE349,810.632399646856,781.883264405672,749.06990445162,605.167184909546
GENE350,666.665322390431,551.957593188733,623.756172698505,613.406898929199
GENE351,1081.0621540704,645.024936032628,744.958131491252,696.815512240965
GENE352,953.689065960816,627.159379391803,646.659627689788,758.267238030612
GENE353,609.415347047722,817.612533636514,708.513337982658,791.526076341935
GENE354,640.041254262598,810.970336440529,650.579101940554,801.275493450148
GENE355,400.052687996548,726.794936278223,641.157190664388,721.138148081884
GENE356,591.885069586813,717.977468185627,719.619036276264,990.301733618901
GENE357,432.023456641534,524.26604906705,620.703479129934,558.797717085886
GENE358,696.642836624007,796.491745747435,740.432660333393,514.079713466101
GENE359,810.752402633156,636.549728657013,766.684792010446,900.6816387527
GENE360,756.404171383676,894.020305273478,400.755108070867,692.13090264259
GENE361,781.256872880583,394.54234210469,507.496000778323,764.415292069233
GENE362,727.789666542606,508.474650236678,547.723107762934,676.101411897046
GENE363,602.554843429825,657.490294682149,547.615180923778,712.036937368954
GENE364,587.730910340535,665.391709628139,579.30201646146,560.173706057167
GENE365,802.756630634204,674.136433239642,917.709683652301,581.439542576265
GENE366,713.799512280416,831.59655018062,772.287078865715,619.548694800743
GENE367,960.79354214595,945.179506345952,684.528230901119,817.500148178138
GENE368,465.512714375633,766.442137564158,783.816692071839,419.815398526915
GENE369,517.438111009956,737.052218761742,860.148492073159,675.121467180736
GENE370,630.449025706107,1050.9813783379,568.393406069776,603.363984724497
GENE371,547.510705366555,453.662897802862,682.376313414507,966.654800120955
GENE372,675.558575340867,830.783597157358,832.403639652102,771.082255744057
GENE373,666.824892519217,826.304083013831,473.45767044978,911.979701589532
GENE374,610.594220497354,779.78204575788,568.771948220262,1231.21262762463
GENE375,781.817632683943,833.200407622574,577.557865029942,521.587876440826
GENE376,774.713819368048,709.655232864938,732.518555047571,1064.28307370231
GENE377,764.668246309486,752.355339058944,823.680060912616,604.787805435139
GENE378,783.844163915234,750.678350424039,667.336373369502,765.074931195593
GENE379,891.210354689276,804.860546570109,722.684655464092,776.568915736721
GENE380,700.419770229947,446.838512599447,845.983979474806,480.789461080366
GENE381,709.849831647877,656.002095557298,899.016056708418,691.101425779335
GENE382,650.94959580274,685.139731710627,674.312919831933,1073.38087774003
GENE383,972.374808703247,921.037013185849,392.587610191726,960.06580415118
GENE384,802.660699417082,549.091291893503,742.07036991384,660.092690004722
GENE385,740.136207940442,707.075321146039,778.999147969758,654.926394923475
GENE386,492.267076869155,445.589680483823,881.098057239507,664.813271488634
GENE387,609.02513798851,495.536668090248,572.349965976606,776.07865779198
GENE388,972.800873453527,937.587404475887,404.523603485731,709.78128970516
GENE389,788.244969217574,548.860140620245,951.510342353179,656.554425137664
GENE390,841.175779890849,621.80467339222,649.34808590474,817.143631506861
GENE391,1032.35416621411,860.064941771286,610.607430538885,814.874792723778
GENE392,805.882102204044,789.500288356778,742.420938033606,557.786336325392
GENE393,565.293564557276,686.682435800972,912.059652350269,593.295584941374
GENE394,700.709337451275,866.135637175028,604.946167276168,593.59216356355
GENE395,926.112580133794,653.332258474784,681.808705342146,895.835458846738
GENE396,689.089819578334,892.060654621122,766.466001761872,1033.03965189796
GENE397,914.745700876166,725.197289138305,820.94151610021,712.922196433415
GENE398,807.248060365694,752.338497584955,1060.88878440698,539.520885906422
GENE399,652.722455804916,434.572708976623,1149.54442389859,931.26669092702
GENE400,654.494310496475,332.57185406456,641.736273125059,588.96981651283
GENE401,990.723447936123,689.851719611679,590.217660420177,551.273597858476
GENE402,973.404898102166,864.014593762376,829.833678856248,438.519678897079
GENE403,751.340345573932,643.862164710553,592.923543214558,676.5263298239
GENE404,712.382220539607,638.950229211035,750.332413145169,459.171278846055
GENE405,788.556261229684,698.767653078959,757.635863750504,629.90980374456
GENE406,518.994970282919,690.15874908508,724.612513156936,1184.76538486721
GENE407,573.430133867315,422.402311878575,998.895545551591,980.654946397531
GENE408,747.235779173544,551.704707649047,712.431192251987,724.992566408034
GENE409,671.860035771812,624.854594442681,645.086165788173,664.807192046588
GENE410,756.876424280528,682.574964452723,835.366143137151,729.761123373206
GENE411,981.892343544371,1020.16884148561,589.484924227278,622.113478492838
GENE412,1057.45455084302,945.033982885211,770.250121153211,658.860619390294
GENE413,687.091109772589,514.433837775181,762.095220655371,526.211485703987
GENE414,923.460001286749,524.41723973392,892.419516274664,765.931872549097
GENE415,656.732558717186,634.101564704828,912.587875837668,925.10851497435
GENE416,663.467488034588,938.911868245346,672.155023666253,1093.99780256121
GENE417,360.021651045913,589.296447599831,638.49963369764,894.438529896438
GENE418,693.79480452189,962.675476899011,562.336760031916,1041.9207407017
GENE419,730.644252134104,686.635779341773,855.879000926766,723.306332663879
GENE420,511.985393824125,755.172654744153,641.96525799951,700.083328616234
GENE421,787.557434764889,541.550178562291,362.610473489798,874.207245005676
GENE422,793.817009365105,504.713974939588,615.477974514727,586.663473822542
GENE423,741.26489376599,785.303629927011,686.929975601775,629.821076953962
GENE424,900.130691510263,643.725450877901,518.066574225431,729.417903676719
GENE425,792.608164535574,852.030868541888,727.963349586232,502.370668298809
GENE426,533.399883561095,772.866993379447,707.776896882379,635.532893463782
GENE427,597.070782157936,778.606174290342,579.331230243947,585.289662950996
GENE428,585.529948663124,619.1376677914,1003.08320647203,582.525402096524
GENE429,833.071440077271,768.391672415682,429.883421165519,834.318882846466
GENE430,757.480649850514,768.94269770484,1006.44470103114,659.522202376115
GENE431,647.849852816782,843.33670411724,619.746639922284,982.218653701362
GENE432,760.771487256237,736.027855587714,655.118464708434,551.491361289607
GENE433,760.744255519414,634.383007660354,933.823425142002,669.978058477881
GENE434,693.527299487001,937.766604616087,709.648489302019,689.404959494226
GENE435,691.50132775501,814.148418252654,590.229390207803,759.802731297244
GENE436,505.169581306578,979.429220788983,640.460691980616,763.852547319516
GENE437,728.637401798537,835.965223924129,933.662488832613,386.058895173012
GENE438,722.258220544296,588.789726146376,684.225323172503,717.104704990114
GENE439,636.418396083973,1084.36770018988,605.914791329373,798.500442062645
GENE440,880.028996159012,570.389289368303,727.156800861137,535.13466094959
GENE441,657.16311036141,455.821939760831,683.672578868085,1000.03016153305
GENE442,827.307595281806,572.303813303506,705.815830548646,814.610102690222
GENE443,667.238043857739,750.109702460879,655.387699008893,552.796541854365
GENE444,928.622838569759,917.792170101573,737.530463771179,496.195073653392
GENE445,855.737188235616,670.747798272283,727.520880446794,784.642759954161
GENE446,900.722813302954,638.061199688872,528.335364534653,659.417139196109
GENE447,1002.61200478018,844.558956948836,768.898419916816,644.23027893676
GENE448,722.626555866274,522.640343124133,549.696782766298,883.551139792252
GENE449,702.55449236072,585.130405781486,775.974267992758,492.010019894011
GENE450,935.673916268159,674.73091188693,740.864273029275,759.384106490187
GENE451,530.312290704111,884.330717543552,552.178494960996,778.73197669197
GENE452,565.833597824898,1061.17627168056,819.582445804416,857.969297990561
GENE453,749.786524117983,795.550341002823,636.75646780073,629.467080763159
GENE454,559.01143654585,646.578800180589,810.0499578734,793.316569664551
GENE455,614.812888729905,619.416831876522,696.726664621629,867.260532131362
GENE456,795.304825596403,730.046122888892,764.638049886898,802.571397856522
GENE457,905.421394519205,569.626385029295,560.156472845244,564.693595599925
GENE458,854.62697845529,547.664027482536,764.498256685547,311.748289246086
GENE459,654.309141881541,827.599737936888,511.615524084501,1009.4215420204
GENE460,816.680752973591,759.753976398599,565.002178606268,780.863804870864
GENE461,539.771566302976,871.342910006127,420.520109612627,890.593998340478
GENE462,742.600565023275,826.350301450845,612.327249991219,679.211895277991
GENE463,722.548415364559,716.178326589101,750.098384171247,674.412003230836
GENE464,734.472876575678,508.808352536168,705.833423338909,734.970382090094
GENE465,519.319188697081,743.289539098971,624.843218515299,720.332717759487
GENE466,613.763606284871,604.840601338856,724.821257458946,691.160043044782
GENE467,765.949863080778,582.235980674538,929.053046434196,748.857589088097
GENE468,589.749767200578,754.516591521409,699.318702998556,616.135841778106
GENE469,689.582152768028,413.15168172976,1017.40156784786,632.750283510075
GENE470,760.714802762441,670.859218386069,511.051256151101,666.821009407717
GENE471,522.292882641759,834.003942504518,662.913988121053,822.687816652469
GENE472,847.346987808162,437.173795264546,655.955517184154,811.807282127558
GENE473,711.445173680504,688.241609090291,802.505436025755,673.884169989733
GENE474,896.76496307634,525.815354203995,591.151590218516,566.465131451006
GENE475,550.533094397503,555.78091273184,778.939259307383,522.449087786249
GENE476,867.842005948229,686.041264936428,647.828540029951,629.416364086019
GENE477,764.173752138125,689.483709694415,646.84266308547,393.943089007645
GENE478,554.221685621468,820.578252115886,609.829399825008,590.786000789034
GENE479,833.128153506485,514.168928391144,766.948763906897,918.808502260429
GENE480,878.798205967384,885.516934167632,708.573173373069,589.941328140251
GENE481,826.970316835281,717.402871793164,717.985190341916,597.565783659528
GENE482,702.397864308475,641.277842447687,594.644419641573,771.107541010129
GENE483,957.072728056477,838.166660815128,535.063789398704,679.222639823975
GENE484,633.72890431853,781.962740326076,871.899492355143,687.794455570018
GENE485,627.024148099303,447.94864908314,932.575726945752,617.169451031117
GENE486,895.300075115273,786.978591566241,609.848374575558,535.726728078111
GENE487,1017.94024070367,569.218310521921,443.696300019837,717.461366665753
GENE488,813.322213951468,418.442497687957,773.687173653912,834.290594565247
GENE489,937.58113376222,710.197900615143,907.146161699416,604.096250651096
GENE490,702.700642783564,797.434228036519,732.921005367854,619.796087979986
GENE491,742.394792764333,594.248916671764,742.276838711871,682.030421157018
GENE492,1066.5680785573,733.843316674144,540.65403435493,798.256906181245
GENE493,408.617993537386,861.965980054219,605.748311500378,584.47399992187
GENE494,818.232972917205,628.170050768514,1072.02455860312,669.354204915452
GENE495,754.236985900229,945.726969565206,722.938014144683,751.666834031929
GENE496,454.436472553535,742.884079152499,957.564766064571,807.254690937277
GENE497,938.667098071761,644.002695953114,673.815797841542,524.962650698757
GENE498,371.691968027703,853.410130307097,821.256963904116,891.81294630412
GENE499,728.529091571577,936.816050920024,816.454679043297,962.537884772283
GENE500,907.199846380518,547.765213841507,705.232121902017,929.718123269556
GENE501,744.134543637366,775.901698093436,257.607298736347,772.013329130176
GENE502,563.79200931091,671.274133355269,723.55937818456,616.541736068788
GENE503,630.262795798203,784.015738789319,560.712922371418,800.598400185218
GENE504,892.638858458003,603.208948172816,571.160307947091,775.421031371965
GENE505,665.582495443699,436.934753693056,704.49686059666,584.612292399489
GENE506,752.479677519541,839.209030942706,650.082538166373,1004.52630591714
GENE507,871.551476329503,578.192284726364,823.788946061582,947.437160675041
GENE508,905.422733143992,719.95283761707,754.765936092567,676.366009524488
GENE509,974.465931070098,867.124088752674,768.380265050819,730.918774551334
GENE510,678.961133971811,1121.31631852234,726.669670475431,901.707327808604
GENE511,623.250815252552,487.811791700685,853.398485676118,722.219161628978
GENE512,815.369096420899,867.327982729513,789.477769015889,738.34001360351
GENE513,523.648262550022,703.180053235068,793.208084877102,536.542960166358
GENE514,531.234645513661,607.68629903267,708.378596691904,669.050597204538
GENE515,816.234765596708,842.368369584389,952.602266921659,529.122852563629
GENE516,926.2302141312,643.143877469081,581.627422669264,618.730182305743
GENE517,700.436966399721,972.819137581518,925.081705241504,568.367965175392
GENE518,835.810052435021,636.008999234636,862.409407288305,673.86911448407
GENE519,693.021734536616,489.286480833007,534.026104811243,707.420535094338
GENE520,717.8123485146,886.451191553395,520.517198697668,694.935649814768
GENE521,643.110170647209,617.424467026727,823.950154316416,592.442001568858
GENE522,752.001773406549,438.565894155615,727.755098294621,878.724114800607
GENE523,1082.27872332958,931.293150407527,802.970630576313,340.214768155374
GENE524,791.971472907966,491.066383222599,524.104649419637,788.485302449424
GENE525,512.61247601147,688.440881636149,599.844163811619,587.804312249059
GENE526,567.912177462168,536.082247987254,855.531055435108,581.253727760459
GENE527,331.173512478793,879.844654948706,693.252528835213,720.317361907899
GENE528,514.073097389528,647.298944525547,914.968735189826,866.322145536804
GENE529,575.572621627206,710.887347021632,886.220743392044,323.812094461232
GENE530,835.151193677289,641.133052284026,721.641333437662,685.063651638964
GENE531,798.569431375295,349.192537472528,989.497043587718,567.942641944172
GENE532,524.990284378706,1073.48568846217,750.336694880465,757.297870675822
GENE533,427.763686752387,302.194657885753,832.897874947553,806.501135350413
GENE534,792.844396183757,831.593227214677,795.431172671245,803.669511738415
GENE535,634.825792327378,790.944282068607,782.308707702208,782.5317106868
GENE536,819.74771958085,607.637012853166,672.363761544259,629.482287831372
GENE537,682.096409562168,853.772486059018,513.28828267827,786.45010650533
GENE538,653.856330026013,802.71737605661,932.72008371113,821.168332122041
GENE539,1015.99830819893,643.577268329274,676.311333492807,755.884927551327
GENE540,727.260643461464,542.079676446695,906.1717436762,1017.31157155881
GENE541,789.67491477354,669.915978538002,915.139969472691,608.144755193195
GENE542,1118.30732581872,630.04712042203,477.114548518042,865.513862774653
GENE543,822.648498101289,560.200611484344,642.934447528721,782.619155290308
GENE544,917.613526278442,667.225823288247,571.700414115515,657.07741548939
GENE545,758.188609059788,439.526186100998,871.879375150743,1149.99865612275
GENE546,717.733930341421,518.723029228162,637.670404726347,887.584767658924
GENE547,423.470214887051,520.888842234746,792.297591263858,689.851996519407
GENE548,798.985970222291,551.562586394775,949.342611205412,715.704278623955
GENE549,491.600474544027,554.608970748303,770.903402832024,537.105977154795
GENE550,622.838119865478,868.775685103961,608.982684314797,774.582015733335
GENE551,498.029304003024,840.881535705353,560.845834615541,635.980101539719
GENE552,696.653460022606,862.974254405648,705.812168273774,901.902454536405
GENE553,592.193121761831,799.414949999592,788.110288153727,715.915703678366
GENE554,665.078766050882,649.649179605731,712.480598228468,587.616938222217
GENE555,756.097665033276,935.640201088192,631.672050750031,690.88570348934
GENE556,838.627679749629,438.47116246026,692.220053859831,1077.86248723581
GENE557,893.878678398372,841.930931634284,726.999665508786,560.9835008562
GENE558,963.114972823724,772.768664515072,648.920552768264,783.750394957768
GENE559,717.777440028979,750.345089919847,556.231188638041,531.679890307683
GENE560,374.408968298625,764.52338456704,549.121171476683,931.818950719814
GENE561,698.171217736855,560.269467866086,751.17422860063,833.720474323257
GENE562,714.526976333407,676.627394097195,784.846984564516,716.31135240025
GENE563,646.246347318791,1122.27517935773,1043.60280482933,766.44057439423
GENE564,1051.09144052085,541.465689032445,634.750336576444,878.178741616279
GENE565,997.729050867554,620.415450567125,896.477103741216,569.781487590887
GENE566,951.50627156528,388.499018688362,496.81551446418,862.963488941069
GENE567,767.563624398626,591.542594918641,785.704392263844,703.385000349914
GENE568,521.134523411122,729.5000371942,753.335031794617,695.616558239369
GENE569,934.203127180616,769.302437332079,849.044602558199,445.411230719554
GENE570,768.418863574004,588.313192460753,711.714742148328,678.44359980961
GENE571,979.581532337921,833.760604568088,767.157335023935,674.030902713867
GENE572,767.946665630621,741.440660305353,737.77463182425,757.866149199098
GENE573,599.341779478077,825.719234161312,932.429507552073,527.692775164803
GENE574,527.949758582875,756.449356389291,844.667314105931,590.108171037175
GENE575,455.436916117909,757.893222686917,756.26317515926,874.092323334321
GENE576,750.914312162393,562.546270222525,681.743063140591,729.04386286201
GENE577,552.334784124166,598.734336938773,786.40547791602,478.529483912954
GENE578,801.542004394159,822.893066206377,1024.67562154254,652.353256335251
GENE579,909.927490465923,375.137900891654,747.517302903656,741.980120180944
GENE580,580.987017785676,942.75924789448,684.980533362371,734.903846015964
GENE581,840.957024377416,765.523501582603,729.114134155311,411.573078867193
GENE582,588.104577334556,988.242642424679,799.743108609744,483.383044597724
GENE583,705.66521576216,505.079745813683,1046.17689720812,669.831795955798
GENE584,659.400469269826,557.455584899962,882.442948313508,796.645688505877
GENE585,456.664247694418,532.940451349441,490.474981835838,712.209010729703
GENE586,898.186106651312,574.346900327453,655.053650548345,729.000992163476
GENE587,660.981641785265,647.287401698275,887.877488724239,984.991063000566
GENE588,944.285915382332,688.467302813428,809.690166472655,420.510090293675
GENE589,693.196761248657,625.154940254594,747.64598724088,710.051335828703
GENE590,343.032275793346,1078.82899590142,913.472580638938,746.870737981817
GENE591,792.710838160082,890.465723007061,541.387006030629,816.298003145491
GENE592,919.148408424703,674.366727647257,719.005078273039,465.863592121014
GENE593,679.811729681067,682.301601281113,695.335103548971,402.823842282064
GENE594,719.582631087016,811.40833868605,781.141364307595,813.097822485206
GENE595,334.048561778783,687.69958237753,527.904579528339,498.498179943192
GENE596,672.007925981978,940.447254122345,686.790154115831,564.437199115846
GENE597,944.349240213549,549.886461455231,897.108651305736,747.419949337322
GENE598,943.118078265101,1023.72677752163,682.844241662718,580.645999864318
GENE599,532.045228288688,766.924543511664,478.980998638451,614.446881225702
GENE600,725.778705026558,745.686272517405,919.264437591727,631.20472756147
GENE601,832.065889162801,805.148522397754,703.583858690505,952.99924585853
GENE602,380.772379675286,605.999573383232,952.067638165327,756.919578882526
GENE603,683.388602892412,579.610805238888,662.100273152203,678.917260370915
GENE604,556.612893760836,676.719207240133,875.052004922931,660.22943867634
GENE605,710.177571940157,905.427646958623,545.362147846832,704.210241861973
GENE606,712.674438282101,645.317022289848,973.901391762213,848.383785704816
GENE607,795.857247279054,839.939569805034,769.64024580315,654.492997935668
GENE608,868.303963834651,735.404395737082,774.485152652428,501.056447213838
GENE609,584.253576724651,756.473685023037,649.821412049502,859.757659730101
GENE610,605.655512121899,761.643511500086,745.077672657213,632.820028843292
GENE611,735.470563624798,621.147168679091,748.792422687342,833.010791102848
GENE612,664.306884207795,688.251447646152,645.657250873687,606.15973534213
GENE613,904.260484619311,721.831916448398,613.90525568939,804.990825387599
GENE614,1017.75754079136,806.493638056639,720.244268647725,792.954405281212
GENE615,569.475132740276,902.553575710342,744.543522136454,767.329302262037
GENE616,625.030089593644,694.663186544531,839.894645971874,854.94836656588
GENE617,623.127086835579,720.809190752405,724.691068476067,627.509788107859
GENE618,716.670931400131,592.556922327657,678.096142251485,732.748514636129
GENE619,989.104414237378,690.280493031367,668.887374743334,368.111930821308
GENE620,561.864872060875,764.280474115567,1049.47639919687,742.815377566766
GENE621,779.458785821836,807.196322640544,747.383595212607,808.057713786258
GENE622,866.637539251853,713.775221969415,674.509642415735,768.527391588154
GENE623,801.15448496094,543.473781993251,569.503035445742,712.395848077939
GENE624,644.789670435071,778.526666439717,925.000816452185,785.919471214698
GENE625,713.372332831458,684.370460561277,538.299919941359,769.200640651021
GENE626,641.773886351673,622.133609423088,586.173367811095,770.584344222944
GENE627,853.973017423078,1014.73075343562,741.202867257194,887.682502063617
GENE628,687.593132997156,682.944132141826,695.473211499151,539.014311978977
GENE629,632.655787698011,620.807752790345,808.102024767723,791.733098468419
GENE630,514.112349177483,664.085893844541,854.627336640606,695.995583677341
GENE631,735.041936523134,685.647690850381,838.781337247198,734.448448371031
GENE632,815.584363050037,719.925112622278,746.801679001227,788.350229695313
GENE633,419.918044388034,813.226320326568,729.191713995879,991.210430229928
GENE634,527.406473626401,783.197080925403,697.466439409194,678.478747518421
GENE635,753.725394613746,779.594812006926,594.750232960177,570.097922899427
GENE636,691.900431084208,561.327435977875,832.410439393873,974.219996204064
GENE637,804.53478075554,550.073193336782,679.551251942771,662.926003391078
GENE638,674.544647222252,942.568763397245,880.50029934297,938.499786364774
GENE639,686.390005023405,748.217123178062,471.121685759015,843.224977133492
GENE640,555.545073158205,622.520417512519,637.315239763211,729.759770900827
GENE641,695.618230027719,975.864971859121,840.568258506599,872.829742133472
GENE642,569.594205059125,866.205507243732,670.374646957023,461.835126043133
GENE643,681.472101725913,570.957985897245,538.601171396986,635.36189594848
GENE644,741.993144654546,647.735775357315,818.057455373405,882.788197206715
GENE645,609.280644082685,770.014148107561,914.425046359355,584.658699372009
GENE646,767.652882401125,1127.94688999755,727.038103026745,368.373494782175
GENE647,456.231943475463,1015.01519343573,758.812805672222,753.807140083302
GENE648,863.199981946719,1098.82532991732,447.605531517258,754.653850496441
GENE649,606.832162541908,740.597395629306,663.155136894161,815.657870389528
GENE650,801.144909755528,848.963294078921,1085.0018221489,1082.5391569154
GENE651,698.801419921414,515.379304460493,663.463218536656,769.097105791723
GENE652,1006.93491368676,509.558711121883,606.626730602601,925.523947256142
GENE653,609.413396280264,542.943615641601,380.974741082112,691.517536219691
GENE654,843.146396636422,804.740969969097,932.880833493858,828.66138202715
GENE655,652.553936595607,776.017922408271,734.728920216213,563.547723363414
GENE656,812.068476275733,985.26053129487,987.119342274835,720.295374907092
GENE657,660.273670346308,621.434963590791,723.011366991566,713.109554048606
GENE658,674.567802857503,709.91112257612,521.233385035212,758.637239070328
GENE659,237.827626011191,660.460969487255,787.587329814652,948.920938212322
GENE660,660.89042080248,717.965692205744,798.957633878021,815.556278592212
GENE661,813.686816917567,1023.3556109294,651.99931956647,797.865206935844
GENE662,789.887981536905,700.150588304946,636.710246277238,651.855193007608
GENE663,992.198160812473,880.20274735875,763.291071600088,616.75509535382
GENE664,608.617189628236,582.950238331239,803.514331277663,904.240891895595
GENE665,725.101928078732,1034.08791610028,517.130376864321,556.181914386268
GENE666,680.810448623986,723.362538866668,648.482230486089,756.553368949326
GENE667,754.795589019937,896.539137501658,772.021632578947,672.558667859517
GENE668,479.813157434343,836.743328363525,773.732981231501,668.751377538864
GENE669,545.65509357216,628.75819285905,846.050355524774,550.846675620143
GENE670,458.860650210839,491.138451912104,708.398705421896,619.473576282717
GENE671,709.749655713739,741.12795839371,582.221647915205,515.557980460508
GENE672,755.138520676825,878.297932688212,843.442844389185,939.336519854223
GENE673,880.358602825288,1066.26019358167,641.441510601061,590.365901219636
GENE674,757.315136159381,590.114402784,644.47605062004,809.710078751346
GENE675,922.382309631361,327.174378741285,296.073415289978,909.35266467954
GENE676,668.201132683759,515.949240024735,502.498415518144,929.131254363088
GENE677,385.250289927904,861.073414616735,1002.39545310218,756.733289350579
GENE678,814.167245936547,617.675915876135,717.411324924703,566.454128989731
GENE679,749.592430785914,1010.40405513531,1076.70166663407,895.913622999342
GENE680,688.485802954697,552.343876382044,712.576681064874,720.186353520475
GENE681,749.760730123436,899.313158406625,610.798092957518,631.063103232117
GENE682,933.655838833094,523.396772699316,600.113331882206,642.062693655426
GENE683,760.44288042626,942.054309992837,758.217473483138,568.765205275214
GENE684,451.39144747746,922.854424364886,907.767794797854,932.98683798612
GENE685,661.348800647726,774.793111127373,815.480107602556,516.053827958281
GENE686,581.033532184548,838.80515147723,801.691191403745,672.80256216732
GENE687,859.546952303287,869.487220496444,761.38303977787,544.345931481779
GENE688,962.904646205214,736.344704433239,824.887589602703,692.016874862079
GENE689,768.582128583429,835.917242164202,747.248315606213,635.731241132002
GENE690,994.911173321187,579.486533332457,968.427142871551,824.743701887585
GENE691,781.654216827193,561.644886779188,612.246928946518,572.710869977867
GENE692,773.636276635457,884.464254325318,788.099208805282,625.920750589106
GENE693,413.514125601612,692.280917636873,746.893967413828,715.657092639297
GENE694,868.557369562401,969.600472553661,706.348329114362,372.000787199058
GENE695,979.768639825394,720.428359321737,924.318966889637,679.951359978454
GENE696,831.690038018543,622.745788171881,701.11480434365,667.326276708851
GENE697,750.94938131584,695.576339662479,628.090166862934,1145.49854334606
GENE698,876.161204176769,558.499538043476,1085.99447682073,870.423297099871
GENE699,1053.96668950617,843.691164336252,590.941202379751,600.948024633344
GENE700,863.083188147122,984.907002856125,783.16640550803,750.983580193274
GENE701,540.116514528956,812.875250865463,652.72982408134,829.035052660309
GENE702,887.927980723882,656.184934334866,825.82366149254,598.065325586714
GENE703,711.026928400454,770.378549816813,693.049057487584,567.092354088348
GENE704,919.35317724895,628.902470574651,582.320426329498,559.685364926885
GENE705,754.755538995593,442.093854855555,631.648350103406,939.556735894615
GENE706,546.509841119829,845.486189289297,811.035387318898,541.25931434619
GENE707,793.586176026077,1024.91327433552,894.599952015918,1033.9617863427
GENE708,929.715943343566,490.723885171505,831.21324249319,889.908158486686
GENE709,936.769567726781,659.864954927982,797.323643899225,758.527323433247
GENE710,555.926318671063,802.669025725976,667.917413680952,808.015715226469
GENE711,816.379925163994,546.01500008888,746.377848380822,606.375306716181
GENE712,689.246682713448,830.662038329989,650.261848729749,690.416121064645
GENE713,634.382721182074,897.934854419065,758.764322257538,968.011995381832
GENE714,473.539616520531,1021.85475234108,1031.75472000743,799.645985537087
GENE715,556.851274501571,699.606557011477,864.486393789341,863.591667605845
GENE716,418.483648503442,595.590145338258,659.699576482583,790.607362328543
GENE717,917.791073820322,255.503885833498,726.659438328639,506.398860860646
GENE718,847.4811231285,771.787804731213,826.723447351118,732.778571623654
GENE719,879.582891236864,899.627243570534,721.033254705576,847.566186113781
GENE720,830.779481528709,677.602973791745,912.534478234806,516.95190597157
GENE721,765.424465710851,614.399707045293,580.638991571162,746.629730216886
GENE722,668.563402281214,807.886863377389,779.504640569764,579.667752962155
GENE723,860.215467950549,802.750441784254,344.266346352913,901.739494011445
GENE724,628.023173011865,553.5124663535,942.394778641226,541.892411642413
GENE725,734.054276104649,774.886488711738,704.576384104502,904.560005606248
GENE726,529.409787128164,303.123306413628,502.084996558389,643.077999277125
GENE727,444.475988724683,841.019435802814,814.627662347167,656.306791343751
GENE728,653.731486273745,910.006804466459,578.524121364787,542.04390220031
GENE729,934.846539824285,1088.40898190354,595.80222507167,955.455438037911
GENE730,714.6883337929,874.786431445858,535.959787753762,846.704932290338
GENE731,621.340840980541,697.434896041282,712.982336417452,767.972310524706
GENE732,673.97073598256,820.037968352125,776.079320698723,858.782005733123
GENE733,684.065287187641,631.463603615629,857.40470515353,735.000913419498
GENE734,807.251583900927,658.311789485354,765.315363008501,885.656938850907
GENE735,661.448707088439,778.301607663824,567.358389082522,664.211251204546
GENE736,589.148870907618,295.194703692058,734.706429651808,641.832286976537
GENE737,865.207214280445,505.563361316703,447.493800420763,869.436993548019
GENE738,841.63086256293,1129.9529373566,711.728350493116,987.63984167945
GENE739,647.380066360797,744.202390620066,468.508337111351,610.856115219516
GENE740,765.973265948267,490.771697952802,577.49090783186,613.670506319675
GENE741,864.639887328497,637.625146464232,873.117033119722,856.085135115898
GENE742,779.219340974946,769.853876607082,552.639803618409,440.57744084584
GENE743,655.851388329003,781.264122236858,788.939466688723,711.605320618556
GENE744,804.31636633579,700.981296638215,778.076751605949,829.683797628749
GENE745,976.023953790532,639.191165059053,763.926660325217,1094.55086237876
GENE746,863.493944780643,788.110801503762,848.078029177247,399.855014756342
GENE747,758.074760571824,649.63340797294,609.882583363789,1010.83988761426
GENE748,673.017997654853,891.115379858081,758.705757702911,1030.78896006459
GENE749,799.563569003877,1123.38522719674,847.53759889584,748.700872068606
GENE750,698.521706774662,950.928329359474,405.477647375253,904.028606111418
GENE751,793.845772627206,533.082956557933,590.904862613015,772.641273084237
GENE752,760.864923349793,691.357066218241,733.935049012949,827.792136122872
GENE753,480.072453829784,1049.66158196686,785.495177883231,655.676473128841
GENE754,651.48351293206,827.560420815686,864.675047598579,842.538482985257
GENE755,855.68114037982,747.3729133126,704.332347951292,646.883495809591
GENE756,819.211082958087,890.87203113006,744.153469180372,801.667062242385
GENE757,730.12213108016,849.614359270752,756.565086623649,844.196905671725
GENE758,720.29978417818,639.373578536246,578.925586077721,532.837809014319
GENE759,702.51981120147,947.766402645295,650.706550985545,721.525252240058
GENE760,705.395038702419,824.472676636167,895.072147480848,641.505484493978
GENE761,544.513679260268,582.121682254896,480.845343559978,898.282930083555
GENE762,745.135907615406,606.698488650954,709.920032111196,772.735338911744
GENE763,603.420971484102,727.437480488347,629.310784336603,711.470536881712
GENE764,729.196186736484,700.517758556973,660.960178559815,489.892754344467
GENE765,768.506772087935,727.161979255855,613.183219406026,718.363564940925
GENE766,714.373195099464,691.289167827011,900.744260620112,789.239395247132
GENE767,697.419293987866,646.734847352307,853.613298021373,801.112224101199
GENE768,744.875617646488,965.046460311142,618.445135746215,439.723988963436
GENE769,727.757594871033,592.575338533598,878.298389665799,863.53306671285
GENE770,577.911053250818,742.653773843816,846.532476300947,613.8182374739
GENE771,931.591902591201,914.188689980783,688.135017921089,732.659115231884
GENE772,840.951358843278,887.405999056909,756.431425067787,700.730469303441
GENE773,786.611959136963,747.939789663133,784.542095287931,1059.00815245771
GENE774,669.179830563833,783.513221997524,837.866979761707,402.300329371878
GENE775,971.431892274464,890.523000068084,811.507487885113,670.937821767067
GENE776,979.690344588988,695.222762415549,792.338013097104,629.949293488071
GENE777,785.631219854398,912.949630374925,709.424195840499,1084.814298803
GENE778,884.883187072784,745.692234303696,869.597280222829,535.061565353592
GENE779,742.1204485216,916.554573363746,792.913719328364,910.386506451304
GENE780,856.300578386488,689.388501526626,668.209459386223,644.105471593743
GENE781,639.936725289175,416.337731019724,631.77786330268,746.860984796229
GENE782,798.341569276303,748.138256014421,666.109120269152,786.648124129002
GENE783,722.717381773513,679.264984908864,806.019743994423,673.451342608651
GENE784,760.289537300102,894.937595633189,773.6032283052,644.476996776825
GENE785,653.517768946269,667.234302935251,703.730399828781,874.242833201489
GENE786,812.152787771795,818.575165445561,907.286180487075,761.114664356363
GENE787,560.237973748884,924.079392970442,725.906365243267,707.302661655831
GENE788,524.489500663294,787.314345950313,539.560091018529,714.460687217581
GENE789,673.439086718367,1049.68507793535,1054.64709772961,876.747456937478
GENE790,646.501186590312,686.93763314159,838.426884457249,623.658796307968
GENE791,879.780659305835,886.207610019087,731.761711173226,590.808710626769
GENE792,742.443210668855,587.796033303122,883.879932656016,785.256823597944
GENE793,939.154466425356,856.60566969857,552.512852117315,757.504455369978
GENE794,620.975000224698,892.002645362932,837.569839692797,672.924779877297
GENE795,569.610881998096,779.809759706048,752.46310692086,786.864174621702
GENE796,842.05320104109,457.849014783853,991.839485210091,871.776879100303
GENE797,669.12097402363,703.834890732203,702.944289638976,491.434777682793
GENE798,836.840884370012,710.080813527091,800.549366993286,674.52688787893
GENE799,588.486636786537,626.395054525133,872.334625676776,767.764452075635
GENE800,707.475449800097,771.06465180635,836.197637735049,778.867530481493
GENE801,560.569641839482,816.599665715853,675.830392170458,675.051712116212
GENE802,806.856417863665,838.385875035388,951.897650607739,502.514969387647
GENE803,407.06961820693,682.130218560504,857.189955845368,611.525095572648
GENE804,989.501018840523,665.30376656224,641.073200285561,471.516985096658
GENE805,759.993745579537,897.781178360744,863.202517182672,917.233345750333
GENE806,637.486606469921,927.562256272874,832.171681393966,707.423301207129
GENE807,987.986889558618,864.668861122805,683.951563070488,846.224690372914
GENE808,605.007084900376,842.251543586592,595.777293080097,511.0815545485
GENE809,745.82034489499,604.404804853883,549.618467896721,817.918471604786
GENE810,638.957923746652,911.950819244807,704.086202677426,801.479851885601
GENE811,533.591592062791,533.86697323125,812.690409255447,596.177079736691
GENE812,740.02280891727,443.070122768586,819.894548818603,724.184662781175
GENE813,716.097878912053,799.717286975685,934.333829416895,532.642608832173
GENE814,805.212667881605,865.159804397366,903.44764842175,969.129384700852
GENE815,1013.56317606642,613.349276847341,542.903202508429,725.847539878232
GENE816,588.986646281987,667.722821825297,801.553614521526,577.122306001072
GENE817,615.573777214105,738.158823681375,1062.5543546879,880.202706304774
GENE818,601.221173056914,603.241192511067,650.612435666109,568.342782501932
GENE819,822.206215042832,680.106881419758,378.177730719419,815.84867207314
GENE820,866.196860503182,668.690839126282,602.866404522866,622.309452279507
GENE821,727.300506383556,751.343083321977,764.868874269489,725.504009766321
GENE822,971.766610394919,978.903742597281,547.665534961084,882.026800938366
GENE823,725.358140112372,449.647823126961,719.186944241269,817.249687808786
GENE824,659.676365317277,779.926420720417,506.321960294481,463.155303912031
GENE825,798.305553967881,588.291624106625,645.57441611942,752.723684844488
GENE826,576.13121357975,752.20080361673,499.075441421265,929.305847841134
GENE827,803.089669780513,737.368370805428,826.775535014412,841.018977832738
GENE828,627.075761915172,747.579051278839,655.274814404715,594.04517843959
GENE829,619.423533545628,466.124727704386,821.031375350531,595.24103834131
GENE830,826.039305645234,584.669190598792,860.176193830388,704.425013318125
GENE831,715.345199273509,838.14077778844,555.449037320443,901.184256268487
GENE832,758.725725385808,697.667300272442,917.9445349071,596.411805138091
GENE833,738.693340448432,876.457017783223,861.982205367498,635.213612227285
GENE834,825.305316300718,671.444943669964,587.907693171758,657.268839499648
GENE835,852.545709600711,511.201097444729,971.907911075328,604.663665323179
GENE836,797.887971478338,666.875156813302,677.071150756734,671.200683859973
GENE837,658.199609958756,673.430976251872,867.855392867314,832.074100325534
GENE838,659.569720480098,528.054693820106,430.812559677233,475.95017666834
GENE839,923.182133864101,552.970402409763,756.233691409255,657.072139564001
GENE840,506.496595789304,573.453013543211,845.853997005323,723.155350829295
GENE841,748.289817188628,783.483309113928,580.300461122885,692.276614308376
GENE842,659.639897996306,731.598977845733,968.328103614842,626.897338361044
GENE843,612.851364674133,610.974128565362,961.980241299125,515.141756813894
GENE844,645.277014462366,656.433713227879,788.404846299596,667.898700850399
GENE845,724.841514283762,1015.47098817689,757.491654890567,676.510779682833
GENE846,619.974232645885,804.17977183739,572.852011308515,603.970499239652
GENE847,552.270338407479,720.350408458892,647.548833654397,634.24418495411
GENE848,563.952542377729,747.967779597565,470.345127683893,604.65849450813
GENE849,620.834585159493,701.015966818243,449.845393618515,457.387630371977
GENE850,682.171116939448,908.922864433202,478.676409622617,788.301869952708
GENE851,988.325795110916,779.096403343544,820.306363310356,694.052948808161
GENE852,854.699824772081,939.823044435999,747.304040310539,571.842197449972
GENE853,483.800396999579,399.733594351648,746.681170936018,637.316653491919
GENE854,552.048422086709,449.663068608649,438.514316149468,756.901982557822
GENE855,553.384427901218,941.95331995581,770.243161971788,823.822269074744
GENE856,739.865571709843,922.257270816195,506.957736057923,833.703415707678
GENE857,658.09713567705,768.230771984772,802.887374639704,825.427924246386
GENE858,455.010929932699,711.674738710677,722.640655450003,550.68740009245
GENE859,504.635021287409,706.741748848789,719.523001620877,724.046236692729
GENE860,1014.30193959224,695.027047380857,617.508133052432,636.566582857356
GENE861,804.835762815231,864.367107210868,799.507554851868,443.643631867178
GENE862,621.706418795306,722.022085675338,879.711620529937,1054.38556177151
GENE863,814.362246886952,730.668857179822,650.796653563051,621.591652207928
GENE864,881.276256042277,617.852665963863,497.171349582074,726.955197854159
GENE865,816.038865178545,601.423258013094,645.32816882197,521.677424601406
GENE866,944.553988958744,600.238536824943,561.162935289345,818.827292998875
GENE867,677.533935031508,846.12829487151,757.751296897446,821.591144829563
GENE868,701.78660663983,693.91093086454,723.633327867649,543.454486394266
GENE869,766.478895404928,589.657879779843,848.234971919292,918.718862853897
GENE870,716.456919982172,901.474558809534,851.187904772038,614.405131166372
GENE871,638.403617106156,826.003283314115,837.428946585005,516.147483980567
GENE872,770.371253674684,1059.61992564683,728.451199573155,636.284302681216
GENE873,767.723671686093,745.74808558483,810.599789527184,722.388088378489
GENE874,690.132559469306,655.903161432251,402.218781903664,797.206548235368
GENE875,1012.93097060826,903.371281498765,640.595410333628,631.886992610358
GENE876,597.778736745567,780.805663883902,844.567157958526,870.537052493556
GENE877,652.490762826497,547.986118390917,816.535978331487,820.90701554605
GENE878,1014.60987720898,763.950026497294,518.596302332416,794.377918449764
GENE879,698.621782510522,838.828264481957,736.388640888969,694.401145855792
GENE880,958.983599562457,624.219503098377,999.703346740521,470.843461673855
GENE881,481.406515466563,612.887677997398,820.08844999667,587.75321406582
GENE882,655.116870110926,685.22827029561,674.108892144974,788.705907003335
GENE883,647.885723804301,884.204695786499,707.067440387094,980.890598762324
GENE884,806.226277334708,554.124054174209,962.054082689512,836.727169035432
GENE885,658.637581131071,694.083351198589,846.893904152618,837.658431955755
GENE886,386.520106684958,570.48953589479,603.885664425645,885.485764396319
GENE887,919.131194761544,928.6132174752,735.307312827388,900.977823113727
GENE888,840.320251251657,669.988962228337,690.021298979775,628.754238192232
GENE889,781.379458926167,856.082170737687,666.662388118889,725.678089646148
GENE890,672.965910616286,716.747371405812,735.59000781325,826.944612147241
GENE891,664.412324701382,1201.2669669638,742.079148188271,670.502458979943
GENE892,686.669985555004,637.934619445362,638.234402866122,456.69166129285
GENE893,773.924653322268,785.75404555589,628.397716620293,810.321881971661
GENE894,938.041595868494,508.326113778393,705.462440329373,625.639073234911
GENE895,892.675509632894,563.774471639732,766.876163936459,993.662690329574
GENE896,972.227211838653,692.898593595695,828.461437448532,840.986339226571
GENE897,1143.71566790411,809.316541922158,824.668030532104,648.090752357074
GENE898,737.245882321071,827.644154555554,624.052415027007,639.816331003846
GENE899,777.428605885083,824.064353728681,978.021423511025,728.98090189357
GENE900,816.187929669455,840.390845058391,1000.25510768968,623.715076301796
GENE901,608.247286097634,624.799802266874,521.38870216875,457.520324158346
GENE902,550.443302856886,908.205572162976,680.941105049224,620.132791321088
GENE903,828.18812118508,586.581369553628,698.018957959748,979.434102882271
GENE904,847.118355017089,838.093350621429,786.014890146214,740.02885867436
GENE905,691.36981899741,846.882284653967,590.163962348802,748.855267259074
GENE906,524.7689914962,634.230878722167,668.849267524234,745.626683169255
GENE907,676.810817575263,751.190520890654,979.476681124064,652.753874038833
GENE908,832.096170790313,941.555281794223,704.274601270535,826.194067052058
GENE909,705.26467806716,486.343094901775,552.010200877703,777.495174720409
GENE910,665.77381373851,776.55427064057,529.952379890214,850.00433713136
GENE911,810.024605936431,667.154520306681,572.356147748928,659.209520777317
GENE912,782.800103997804,779.32906767464,730.624906386352,749.982724813461
GENE913,669.829670613529,691.435191545069,423.233200914159,875.834570712146
GENE914,717.493933282988,488.571583083189,802.175041311889,638.024437590953
GENE915,577.879478665589,696.936603068621,635.869491362974,883.743222674845
GENE916,838.675927517292,954.371896562093,871.743104913804,602.610707112733
GENE917,583.474508526217,689.369728143029,744.087707071321,717.859928428616
GENE918,566.008961790215,672.175105045523,490.564947787779,853.271774238607
GENE919,961.645991091414,1011.40633303266,797.647186632622,983.352712122812
GENE920,717.342022365847,521.831492400873,742.125093487408,757.810860643806
GENE921,659.29881836754,721.10152255109,817.606429867264,780.283305619526
GENE922,724.860108939897,647.658661013784,706.827604973471,713.099404068082
GENE923,539.693877316635,733.469817736143,746.769982516309,621.838991540074
GENE924,557.966052632097,460.598010591724,716.127406129832,976.54802654162
GENE925,296.622904366315,830.585626358787,868.768560601776,941.890239502759
GENE926,517.014733791026,742.87137058529,690.223421454364,657.135104694237
GENE927,755.946055588055,527.352902066221,896.46132776205,728.128142195705
GENE928,592.760781685108,536.291217287123,729.818000415173,858.002412287365
GENE929,718.846619884672,430.91688685867,690.623437919694,567.053380889031
GENE930,763.756796877637,586.564997726256,726.22879192305,507.188773072754
GENE931,1058.89586457189,624.278061462675,920.24490574257,844.73880891647
GENE932,722.711899518758,764.528073552083,719.123848734684,673.355416493139
GENE933,682.018706752772,647.46493817424,676.282512090827,852.39953143502
GENE934,1049.56246187284,971.121475039046,547.764287888073,453.597943478754
GENE935,755.65381690077,629.070804014527,522.348949537585,699.179110902047
GENE936,677.984103102255,533.951812240303,868.111215173457,716.983159386872
GENE937,676.096846558479,636.120644618792,555.425575436306,975.645524707962
GENE938,1153.83270260469,643.014297797897,534.75416332034,839.526537104633
GENE939,908.00341843598,866.65985007847,637.716401716081,864.362548056048
GENE940,633.279170842842,664.968957717976,682.719621501969,352.303359599909
GENE941,966.770081463568,650.874293156988,687.31860979142,502.747815265632
GENE942,668.467895486297,505.467296580789,568.124673221786,822.406495557308
GENE943,647.24390925284,1033.80641775582,909.485145384603,859.542966165941
GENE944,530.933660545803,802.844787104612,891.307016143046,725.834447528749
GENE945,599.257934118257,645.739492491203,699.221773815908,682.366963623323
GENE946,582.191959146383,724.036740399988,814.330249239308,471.49690506665
GENE947,937.091089278219,817.506769857068,709.062318490216,807.268988577408
GENE948,687.065901613102,801.017387293085,686.4409335483,722.505854707895
GENE949,688.766461748039,704.353114147804,1074.39176654501,617.721047049397
GENE950,662.608274358225,628.836476137008,729.016018804937,666.12530576439
GENE951,612.992862882815,936.568241318858,1066.05290262497,858.404839032828
GENE952,505.829303550174,563.722956858558,574.742890335361,618.319891818563
GENE953,927.882344576404,544.821806417711,651.193964255406,601.155432622044
GENE954,672.658776367119,628.225838650288,808.991768700753,669.836595163959
GENE955,715.749085334946,661.01053040147,818.223785875755,681.750979792212
GENE956,905.730953209551,605.304623038537,606.262726744006,799.877537290993
GENE957,791.387923896588,748.312285580176,874.209256126682,815.781363204904
GENE958,725.02865301792,888.005587196487,686.738578156713,636.375307380605
GENE959,997.017447201607,723.266159731011,365.940435642606,941.276656671257
GENE960,514.950913552793,967.871276451429,552.926355851752,743.63765968543
GENE961,701.421783140085,682.442112593872,811.31608181058,935.059676643878
GENE962,873.677195496253,803.323373375128,664.805179250431,821.69005357189
GENE963,673.312410943058,613.591420953962,577.268245191747,863.629056748928
GENE964,732.140807949475,785.690392608809,677.184086236963,732.526466803201
GENE965,628.355407524568,598.180647280885,591.960249158721,766.933416153271
GENE966,583.396552577925,904.700672739751,568.588173578113,727.012810226636
GENE967,495.178755403533,340.477183316623,535.320583299152,778.553445098165
GENE968,887.581679938716,776.603340068419,771.842024141485,622.404851103901
GENE969,891.867024364973,857.354906898265,910.217303188726,695.91972748554
GENE970,774.069232562321,1004.81403055348,565.33634832518,469.165286817324
GENE971,442.228251733908,934.105818815422,829.481888989172,649.597159518314
GENE972,819.710496040393,480.319613527925,719.843446932449,661.474057255403
GENE973,414.602339799028,871.443040544775,741.540800734998,811.789467127555
GENE974,823.174489036702,594.808034317166,1002.4012138388,681.451583749884
GENE975,516.115059019442,921.803811742954,979.660245610481,711.341543697394
GENE976,691.044136933724,859.122902048632,455.023981046761,580.063288123588
GENE977,696.425129831354,697.245576610831,192.73275151752,874.98216844695
GENE978,742.666791611475,585.239934906178,721.888468689299,446.245760719822
GENE979,752.384220015456,789.192762144017,841.75804242406,646.671617952246
GENE980,792.460562343865,570.143637465406,768.583345683621,586.903017701491
GENE981,624.452715084788,652.871496631597,585.988294740788,689.418670205848
GENE982,555.332585322333,637.212110343932,731.813760613844,336.514403480769
GENE983,949.253068771149,789.039371337123,638.318409711892,771.509441488381
GENE984,854.431107270346,921.979378303184,692.986002589645,440.26384132065
GENE985,627.062287192337,613.905037626653,511.516724707802,926.345210677263
GENE986,801.479333640049,850.664000725523,619.502524679806,624.796690400464
GENE987,687.940280948448,726.597269661495,525.507395017581,855.575484435254
GENE988,688.007967164751,834.830058126038,512.3806049822,656.75028395678
GENE989,645.253834818116,721.91806045847,786.385304600383,647.354829976531
GENE990,550.941120581615,657.256106962146,779.166930985891,790.739461147146
GENE991,678.491937756782,633.146110541639,643.223912362847,1112.49330793581
GENE992,847.060972077679,1026.32452612351,995.319151663724,738.888862739324
GENE993,823.488320318916,551.360359937389,855.359965434988,627.545789577133
GENE994,1017.26874687476,700.718333141721,1079.21351448451,267.659578159747
GENE995,691.996876976573,872.488613645331,764.935563806189,1034.23788301905
GENE996,708.720682847281,751.022350428255,619.8785913832,679.222742887384
GENE997,735.006840816481,693.342085471719,605.340911067861,466.416890704832
GENE998,819.158965038329,456.825503995327,834.045239178275,282.318177084017
GENE999,708.736608547406,931.131438896451,755.014827126535,818.622588027493
GENE1000,541.001963749079,635.09153117972,869.455095847151,489.244240424819
